id,task,question,answer,disease,source_page,source_section
dt_001,disease_treatment_qa,ജ്വരം എന്ന രോഗത്തിന് ഗ്രന്ഥത്തിൽ നിർദ്ദേശിക്കുന്ന ചികിത്സ എന്താണ്?,"12 വൈദ്യമനോരമ ജ്വരചികിത്സാക്രമം ജരലക്ഷണം- ആമാശയസ്ഥോ ദോഷോ ഗ്നിം! നിഹത്യാമേന സംയുതഃ സ്വൈസ്സ്സൈഃ പ്രദുഷണൈര്‍ദ്ദുഷ്ടഃ സ്രോതോമാര്‍ഗ്ഗാന്‍ പിധായ ച. | വിദധാതി ജ്വരം യസ്മാത്തസ്മാല്‍ കുര്‍വിത ലംഘനം പ്രാഗ്രൂുപേഷു ജരാദൌ വാ പാലയന്‍ യത്നതോ ബലം. മ സാരം - വാതാദിദോഷങ്ങള്‍ തന്റെ തന്റെ കോപകാരണങ്ങളെക്കൊണ്ട്‌ ദുഷിച്ച്‌ ആമാശയത്തില്‍ ചെന്ന്‌ ജഠരാഗ്നിയെ നശിപ്പിച്ച്‌ ആമത്തോടു ചേര്‍ന്ന്‌ സ്രോതസ്സു കളെ അടച്ച്‌ ജരത്തെ ഉണ്ടാക്കുന്നു. അതിനാല്‍ ജരത്തിനു പുര്‍വരുപങ്ങളിലോ ആദിയിലോ എല്ലാവിധത്തിലും രോഗിയുടെ ബലമനുസരിച്ച്‌ ഉപവസിപ്പിക്കണം. ജരത്തിലെ ലംഘന്റക്രമം-- ഏകര്രതം ദ്ധിരാത്രം വാ ത്രിരാര്തം വാ ജ്വരാതുരം ആസപ്തരാത്രമഥവാ ലംഘയേല്‍ ബലകാലവില്‍. ി സാരം - രോഗിയുടേയും ദോഷങ്ങളുടേയും ബലത്തേയും ദേശകാലങ്ങളേയും അറിയാവുന്ന വൈദ്യന്‍ ജരപീഡിതനായിരിക്കുന്നവനെ ഒന്നോ രണ്ടോ മുന്നോ ദിവസമോ അല്ലെങ്കില്‍ ഏഴു ദിവസം വരേയോ ഉപവസിപ്പിക്കണം. (ദോഷങ്ങള്‍ എപ്പോള്‍ പാകം വരുന്നുവോ അതുവരെ ഉപവസിപ്പിച്ചുകൊള്ളണം), ലംഘി",ജ്വരം,12,Vaidyamanorama — full-PDF disease/treatment extraction
dt_002,disease_treatment_qa,പാണ്ഡു രോഗത്തിന്റെ ചികിത്സയായി ഗ്രന്ഥം എന്താണ് പറയുന്നത്?,"രക്തഗുന്മചികിത്സ ി ശുലചികിത്സ മമമ ആനാഹാദിചികിത്സ മാ ജലകൂര്‍മ്മചികിത്സ മ ൬. മഹോദരചികിത്സായകമം ടം 222 ൯. പാണ്ഡുരോഗചികിത്സാരകമം .......ം 228 കാമിലാചികിത്സ 4 കുംഭകാമിലാചികിത്സ 8 198, ശോഫചികിത്സാരകമം 281 290. വിസര്‍പ്പചികിത്സാരകമം......ം 288 21. മസുരികാചികിത്സ്രകമം .......ം 308 വിന്ഫോടചികിത്സ ദ കക്ഷ്യാചികിത്സ ദ ശീതപിത്തചികിത്സ ദ മാം കുഷ്ഠചികിത്സാരകമം ....ം 2 മഃ, ശ്വിര്രചികിത്സാര്രമം .....ം മോ കൃമിചികിത്സ ദമ 24. വാതരോഗചികിത്സാരകമം .......ം 330 മുട, വാതശോണിതചികിത്സാര്രമം............... 356 5, ഉരഃക്ഷതാരിചികിത്സാരകമം.......ം 364 സ്ഥുലചികിത്സ, ദ കൃശചികിത്സ ടെ വന്ധ്യാചികിത്സ ടെ പ്രസുതിചികിത്സ ി ബാലചികിത്സ ി മു, ഉന്മാദാരിചികിത്സാരകമം .......ം 382 അപസ്‌മാരചികിത്സ 4 8, ന്വേതചികിത്സ്യകമം .... 5, കര്‍ണ്ണരോഗചികിത്സാ്രമം .......ം 408 30. ,്രതിശ്യായേചികിത്സാരകമം.......ം 403 വയസ്ക്കര എന്‍.എസ്‌. മൂസ്സ്‌ ലി ഡ്വേ. ജോസ്‌",പാണ്ഡു,8,Vaidyamanorama — full-PDF disease/treatment extraction
dt_003,disease_treatment_qa,കുഷ്ഠം ബാധിച്ചാൽ ഗ്രന്ഥപ്രകാരം എന്ത് ചികിത്സയാണ് ചെയ്യേണ്ടത്?,"റെ നാലിലൊന്ന്‌ 4 കഴഞ്ച്‌) ദ്ധിപഞ്ചമുലാദി- ദ്വിപഞ്ചമൂലക്ഷഥിതേന സംയുതാ ഭിഷഗ്ഭിരുക്താ മഗധാ വിചൂര്‍ണ്ണിതാ സകാസശോഷശ്വസനാമ്പിതേ ജ്വരേ ത്രിദോഷജേ വാപി ശിരോരുഗാതുരേ. 76 സാരം - ദശമൂലം കഷായം വെച്ചു തിപ്പലിപ്പൊടി മേമ്പൊടി ചേര്‍ത്തു സേവി ച്ചാല്‍ ചുമ, ശോഷം, വായുമൂട്ടല്‍ ഇവയോടുകുടിയ ജ്വരവും തലവേദനയോടുകു ടിയ ര്രിദോഷജ്ജരവും ശമിക്കും. ദശമൂലാദി-- ദശമൂലദുരാലഭാഗുളൂചീ- വൃഷവിശ്വാബ്ദകിരാതപര്‍പ്പടാനാം വിനിഹന്തി ശൃതം ജലം സകുഷ്ഠം കഫവാതോത്തരസന്നിപാതജൂര്‍ത്തിം. 77 സാരം - ദശമൂലം, കൊടിത്തുവവേര്‍, അമൃത്‌, ആടലോടകത്തിന്‍വേര്‍്‌, ചുക്ക്‌, മുത്തങ്ങാക്കിഴങ്ങ്‌, പുത്തരിച്ചുണ്ടവേര്‍, പര്‍പ്പടകപ്പുട്്‌ ഇവ കഷായം വെച്ച്‌ കൊട്ടം പൊടിച്ചു മേമ്പൊടി ചേര്‍ത്തു സേവിച്ചാല്‍ കഫവും വാതവും വര്‍ദ്ധിച്ച സന്നിപാ തജ്ചരം ശമിക്കും. ദൂരാലഭാദി- ദുരാലഭാപര്‍പ്പടകാംബുവാഹ- വിശ്വാമൃതാധാനനിദിഗ്ദ്ധികാനാം ക്വാഥോ നിഹന്യാജ്ജ്വരമാശു ഘോരം പ്രലാപമൂര്‍ഛാപരിദാഹയുക്തം. 28",കുഷ്ഠം,30,Vaidyamanorama — full-PDF disease/treatment extraction
dt_004,disease_treatment_qa,കാസം രോഗാവസ്ഥയിൽ ഉപയോഗിക്കേണ്ട ഔഷധപ്രയോഗം ഏതാണ്?,"ല്‍ സര്‍പ്പിര്‍ബ്ദലയാ മധുകേന വാ ഫല്ര്രയേണ വാ സര്‍പ്പിര്‍ഗുളൂച്യാ വാ ജ്വരാപഹം. 100 സാരം - മൂുന്തിരിങ്ങാപ്പഴം, കുറുന്തോട്ടിവേര്‍, ഇരട്ടിമധുരം, ശ്രിഫലത്തോട്‌, അമ്യ ത്‌ ഇവയില്‍ ഏതെങ്കിലും ഒരെണ്ണം കല്ക്കമാക്കി കാച്ചിയെടുത്ത നെയ്യ്‌ ലരത്തെ ശമിപ്പിക്കും. നിദിഗ്ദ്ധികാദി--. നിദിഗ്ദ്ധികാതാമലകീത്രായമാണാകലിംഗകൈഃ കൃഷ്ണാംശുമത്യതിവിഷാകടുകാസേവ്യചന്ദനൈഃ. 101 ധാത്രീവില്വഘന്രദാക്ഷാശാരിബാഭിശ്ച സാധിതം ഹന്തി സദ്യോ ജരം കാസം ഘൃതം ശ്വാസം ഹലീമകം. 102. അരുചിം വിഷമം വഹ്നിം യക്ഷ്മാണഞ്ച നവോത്ഥിതം സാരം - ചെറുവഴുതിനവേര്‌, കിഴുകാനെല്ലി, (്ര്മി, കുടകപ്പാലയരി, തിപ്പലി, ഓരിലവേര്‍, അതിവിടയം, കടുകുരോഹിണി, രാമച്ചം, ചന്ദനം, നെല്ലിക്കാത്തോട്‌, കരൂവളത്തിന്‍വേര്‍്‌, മുത്തങ്ങാക്കിഴങ്ങ്‌, മുന്തിരിങ്ങാപ്പഴം, നറുനിണ്ടിക്കിഴങ്ങ്‌ ഇവകൊ ണ്ടു കാച്ചിയ നെയ്യ്‌ ജ്വരം, ചുമ, വായുമുട്ടല്‍, ഹലീമകരോഗം, അരുചി, വിഷമാഗ്നി, കാലപ്പഴക്കം ചെല്ലാത്ത രാജയക്ഷ്മാവ്‌ ഇവ പെട്ടെന്നു ശമിപ്പിക്കും. ലോഹിതാണ്ഡാദി തൈലം- ലോഹിതാണ്ഡം ഹരിദ്രേ ദ്വേ ശംഖിനീ കൃഷ്ണജിീരകം. 103 ശാരിബാ ചന്ദനം കുഷ്ഠം സൈന്ധവം ത്ര്യൂഷണം വചാ ഏതൈര്‍വാശാരസേ സിദ്ധം സസ്തന്യം തൈലമുത്തമം. 104 പാനാഭ്യഞ്ജനനസൈശ്ച ലിപ്തം സന്ധിനഖാന്തയോഃ സമസ്തസന്നിപാതഘ്നം പക്ഷാഘാതാര്‍ദ്ദിതാപഹം. 105 ബാഹ്യായാമാന്തരായാമഭൂതാദിഗ്",കാസം,35,Vaidyamanorama — full-PDF disease/treatment extraction
dt_005,disease_treatment_qa,അതിസാരം ചികിത്സയ്ക്കായി ഈ ഗ്രന്ഥം നിർദ്ദേശിക്കുന്ന മാർഗം എന്താണ്?,"ത്തു തൊലികളഞ്ഞ്‌ നാലിടങ്ങഴി നാളി കേരജലത്തില്‍ പാകം ചെയ്തു നാലിലൊന്നാകുമ്പോള്‍ വാങ്ങി തണുത്താല്‍ പഞ്ച സാര ചേര്‍ത്തു സേവിക്കുക. സര്‍വാംഗസന്താപം, തണ്ണീര്‍ദ്ദാഹം, മോഹാലസ്യം, ക്ഷീണം, തലതിരിച്ചില്‍, ഛര്‍ദ്ദി ഇവ ശമിക്കും. കാസഹിക്കാഭമാനാഹമദദൌനര്‍ബല്യകാമിലാഃ ഛര്‍ദ്ദിഃ ശ്വാസോ/തിസാരശ്ച ജരസ്യോപ്രദവാ ദശ. 196 സാരം - ചുമ, ഇക്കിള്‍, തലതിരിച്ചില്‍, വയറുവീര്‍പ്പ്‌, മദം, ദുര്‍ബലത്വം, കാമി ല, ഛര്‍ദ്ദി, വായുമൂട്ടല്‍, അതിസാരം ഇവ പത്തും ജ്രത്തില്‍ ഉണ്ടാകുന്ന ഉപ്ര്രവ ങ്ങളാകുന്നു. സന്നിപാതജ്ചരത്തിന്റെ ദശോപ്രദവങ്ങള്‍- കാസശ്വാസൌ ച ഹിക്കാ ച ശിരോരോഗഗളഗ്രഹൌ ഛര്‍ദ്ദിര്‍മ്മൂര്‍ച്ഛാ ച തൃഷ്ണാ ച ജാഠരാധ്മാനമേവ ച. 197 പ്രതിശ്യായശ്ച ശൂലം ച സന്നിപാത ഉപ്രദരവാഃ സാരം - ചുമ, വായുമുട്ടല്‍, ഇക്കിള്‍, ശിരോരോഗം, ഗളഗ്രഹം, ഛര്‍ദ്ദി, മോഹാ ലസ്യം, തണ്ണിര്‍ദ്ദാഹം, വയറുവീര്‍പ്പ്‌, പീനസം, ശൂലം ഇവ സന്നിപാതജ്വരത്തിലെ ഉപ്രദവങ്ങളാകുന്നു.",അതിസാരം,56,Vaidyamanorama — full-PDF disease/treatment extraction
dt_006,disease_treatment_qa,ഗ്രഹണി എന്ന രോഗത്തിന് ഗ്രന്ഥത്തിൽ നിർദ്ദേശിക്കുന്ന ചികിത്സ എന്താണ്?,"തസാം തദ്ധിശോധനം. 5 ഗുല്മജ്വരോദരപ്ലീഹ- ഗ്രഹണീപാണ്ഡുപീനസാന്‍ ശ്വാസകാസാഗ്നിസദന- ശ്വയഥൂര്‍ദ്ധാനിലാന്‍ ജയേല്‍. ന സാരം - പഞ്ചകോലം (തിപ്പലി, കാട്ടുതിപ്പലിവേര്‍, കാട്ടുമുളകിന്‍വേര്‍, കൊടു വേലിക്കിഴങ്ങ്‌, ചുക്ക്‌) ചവര്‍ക്കാരം ഇവ ഒരു പലം വിതം കല്ക്കമായി ഇടങ്ങഴി നെയ്യു ചേര്‍ത്തു ചളിപാകത്തില്‍ ഇടങ്ങഴി പാലുമൊഴിച്ചു കാച്ചിയെടുത്തു സേവി ക്കുക. സ്രോതസ്സുകള്‍ക്ക്‌ ശുദ്ധിയുണ്ടാകയും ഗുന്മം, ലരം, മഹോദരം, പ്ലീഹരോ ഗം, ഗ്രഹണി, പാണ്ഡുരോഗം, പീനസം, ശ്വാസം, ചുമ, അഗ്നിമാന്ദ്യം, നീര്‍ക്കെട്ട്‌, ര്‍ദ്ധവായു ഇവ ശമിക്കുകയും ചെയ്യും.",ഗ്രഹണി,118,Vaidyamanorama — full-PDF disease/treatment extraction
dt_007,disease_treatment_qa,പ്രമേഹം രോഗത്തിന്റെ ചികിത്സയായി ഗ്രന്ഥം എന്താണ് പറയുന്നത്?,"രലിലിട്ടു ചതച്ചു ആവണക്കെണ്ണയും ഗോമൂത്രവും ചേര്‍ത്ത്‌ ഒരു കൂട ത്തിലാക്കി വേറൊരു ചട്ടികൊണ്ട്‌ അടച്ച്‌ ശിലമണ്‍ചെയ്ത്‌ പുക വെളിയില്‍ പോകാതെ ക്ഷാരമാക്കി വാങ്ങി എടുത്ത്‌ വയ്ക്കുക. ഇതിനു കല്യാണക്ഷാരമെന്നു പേര്‍. ഈ ക്ഷാരം നെയ്യില്‍ കുഴച്ചോ ചോറില്‍ വിതറി നെയ്യു കൂട്ടിയോ സേവി ച്ചാല്‍ ഉദാവര്‍ത്തം, മലബന്ധം, അര്‍ശസ്സ്‌, ഗുന്മം, പാണ്ഡു, മഹോദരം, കൃമി, മൂത്ര ത്തടവ്‌, അശ്മരി (കല്ലടപ്ു, ശരീരശോഷം, ഹൃദ്രോഗം, ഗ്രഹണി, പ്രമേഹം, പ്ലീഹ രോഗം, മേല്‍വയറുവിര്‍പ്പ്‌, ശ്വാസം, ചുമ ഇവ ശമിക്കും. പത്ഥ്യാദി ചൂര്‍ണ്ണം- പത്ഥ്യാനാഗരകൃഷ്ണാ- കരഞ്ജവേല്ലാഗ്നിഭിഃ സിതാതുല്യൈഃ ബലവാനനല ഇവ ജരയതി ബഹുഗുര്‍വപി ഭോജനം ചൂര്‍ണ്ണം. മമ സാരം - കടുക്കാത്തോട്‌, ചുക്ക്‌, തിപ്പലി, പുങ്കിന്‍തൊലി, വിഴാലരി, കൊടുവേ ലിക്കിഴങ്ങ്‌ ഇവ സമമായി എടുത്തു പൊടിച്ചു എല്ലാത്തിനും സമം പഞ്ചസാര ചേര്‍ത്ത്‌ യോജിപ്പിച്ച്‌ സേവിക്കുക. വളരെ ഗുരുത്വമുള്ള ഭക്ഷണവും ദഹിക്കും. ഗന്ധര്‍വഹസ്തചിരിവിലഹുതാശവിശ്വ- പത്ഥ്യാപുനര്‍ന്നവയവാഷകഭുമിതാലൈഃ ക്വാഥസ്സസൈന്ധവഗുളഃ പവനസ്യ ശാന്ത്ത്യൈ വഹ്നേര്‍ബലായ രുചയേ മലശോധനായ. 23 സാരം - വെളുത്താവണക്കിന്‍വേര്‍, ആവിത്തൊലി, കൊടുവേലിക്കിഴങ്ങ്‌, ചുക്ക്‌, കടുക്കാത്തോട്‌, തഴുതാമവേര്‍, കൊടിത്തുവവേര്‍, നിലപ്പനക്കിഴങ്ങ്‌ ഇവ കൊണ്ടുള്ള കഷായം ഇന്തുപ്പും ശര്‍ക്കരയും മേ",പ്രമേഹം,169,Vaidyamanorama — full-PDF disease/treatment extraction
dt_008,disease_treatment_qa,രക്തപിത്തം ബാധിച്ചാൽ ഗ്രന്ഥപ്രകാരം എന്ത് ചികിത്സയാണ് ചെയ്യേണ്ടത്?,"രം, നറുനീണ്ടിക്കിഴങ്ങ്‌, മൂന്തിരിങ്ങാപ്പഴം, ഇരിപ്പക്കാതല്‍, ചന്ദനം, ചെങ്ങഴുനിര്‍ക്കിഴ്ങ്‌, കുമിഴിന്‍വേര്‍, പതുമുകം, പാച്ചൊറ്റിത്തൊലി, (്രിഫ ലത്തോട്‌, താമരയല്ലി, ചിറ്റിന്തലിന്‍വേര്‍, താമരവളയം ഇവ ചതച്ച്‌ തലേദിവസം ഗംഗാജലത്തില്‍ ഇട്ടുവച്ചിരുന്ന്‌ രാവിലെ പിഴിഞ്ഞരിച്ചെടുത്തു തേനും മലര്‍പ്പൊ ടിയും പഞ്ചസാരയും മേമ്പൊടി ചേര്‍ത്തു സേവിക്കുക. വാതപിത്തജ്ചരം, സര്‍വാംഗ സന്താപം, തണ്ണീര്‍ദാഹം, ഛര്‍ദ്ദി, തലകറക്കം, രക്തപിത്തം ഇവ ശമിക്കും. വാതകഫജരസ്യ-- (ആരഗ്വധാദി) ആശഗ്വധ്ഗ്രന്ഥികമേഘതിക്താ- ഹരീതകിഭിഃ ക്വഥിതഃ കഷായഃ സാമേ സശൂലേ കഫവാതയുക്തേ ജ്വരേ ഹിതോ ദീപനപാചനശ്ച. 63 സാരം - കൊന്നത്തൊലി, കാട്ടുതിപ്പലിവേര്‍, മുത്തങ്ങാക്കിഴങ്ങ്‌, പുത്തരിച്ചു ണ്ടവേര്‍, കടുക്കാത്തോട്‌ ഇവകൊണ്ടുള്ള കഷായം ആമത്തോടും ശുലത്തോടും കൂടിയ കഫവാതജ്രത്തെ ശമിപ്പിക്കും. ഇത്‌ ദീപനവും പാചനവും ആകുന്നു. ദാര്‍വാദി-- ദാരുപര്‍പ്പടഭാര്‍ങ്ഗ്യബ്ദവചാധാന്യാകകടഫലൈഃ സാഭയാവിശ്വപുതികൈഃ ക്വാഥോ ഹിംഗുമധുല്കടഃ. 4 കഫവാതജ്വരേ പിതോ ഹിക്കാശ്വാസഗളഗ്രഹാന്‍ കാര്‍ശ്യശോഷപ്രസേകാംശ്ച ഹന്ന്യാത്തരുമിവാശനിഃ. ടട സാരം - ദേവതാരം, പര്‍പ്പടകപ്പുള്ല്‌, ചെറുതേക്കിന്‍വേര്‍, മുത്തങ്ങാക്കിഴങ്ങ്‌, വയമ്പ്‌, കൊത്തമ്പാലരി, കുമിഴിന്‍വേര്‍്‌, കടുക്കാത്തോട്‌, ചുക്ക്‌, ആവിത്തൊലി ഇവ കഷായം വെച്ച്‌ ആറിയാല്‍",രക്തപിത്തം,27,Vaidyamanorama — full-PDF disease/treatment extraction
dt_009,disease_treatment_qa,ക്ഷയം രോഗാവസ്ഥയിൽ ഉപയോഗിക്കേണ്ട ഔഷധപ്രയോഗം ഏതാണ്?,"ജരചികിത്സാ്രമം 13 ലംഘനനിഷേധം-- ശുദ്ധവാതക്ഷയാഗന്തു ജീര്‍ണ്ണജ്രിഷു ലംഘനം നേഷ്യതേ തേഷു ഹി ഹിതം ശമനം യന്ന കര്‍ശനം ടട സാരം - കേവലവാതം കൊണ്ടും ധാതുക്ഷയം കൊണ്ടും ഉള്ള ജ്വരം ആഗ ത്തുകജ്ചരം ജീര്‍ണ്ണജ്വരം (പഴകിയ പനി) ഇവയുളളവര്‍ക്ക്‌ ഉപവാസം ഹിതമല്ല. അവര്‍ക്കു കര്‍ശനമല്ലാതുള്ള (ചടപ്പിക്കാതെയുള്ള) ശമന്രകിയ ചെയ്തുകൊള്ള ണം. സാമജ്വരലക്ഷണം-- ജ്വരോപ്രദവതീക്ഷ്ണത്വമഗ്ലാനിര്‍ബ്ബഹുമുധ്രതാ ന പ്രവൃത്തിര്‍ന്ന വിഡ്ജീര്‍ണ്ണാ ന ക്ഷുത്സാമജ്വരാകൃതിഃ 6 ഇതി സാമജ്വരാകൃത്യാ ജാനീയാദവിശോഷിതം സാരം - ജ്വരോപ്രദവങ്ങളുടെ ആധിക്യം, ക്ഷീണമില്ലായ്ക, മൂത്രം ധാരാളം പോവുക, മലം പോകാതെയും ദഹിക്കാതെയുമിരിക്ക, വിശപ്പില്ലായ്‌ക ഇവ ആമ ത്തോടുകുടിയ ജ്വരത്തിന്റെ ലക്ഷണങ്ങളാകുന്നു. ഇങ്ങനെയുള്ള സാമജ്ചരലക്ഷ ണം കൊണ്ട്‌ അവിശോഷിതനെന്ന്‌ (ലംഘനം ശരിയാവാതെയുള്ളവനെന്ന്‌) അറി യണം. ശമനരുപമായ ലംഘനത്തില്‍ വെച്ചു ശ്രേഷ്ഠമായ ഉപവാസം ചെയ്തിട്ടും ആമജ്വരലക്ഷണമുണ്ടായിരുന്നാല്‍ ദിവിധോപ്രകമണീയത്തില്‍ വിധിച്ചിരിക",ക്ഷയം,13,Vaidyamanorama — full-PDF disease/treatment extraction
dt_010,disease_treatment_qa,കൃമി ചികിത്സയ്ക്കായി ഈ ഗ്രന്ഥം നിർദ്ദേശിക്കുന്ന മാർഗം എന്താണ്?,"രക്തഗുന്മചികിത്സ ി ശുലചികിത്സ മമമ ആനാഹാദിചികിത്സ മാ ജലകൂര്‍മ്മചികിത്സ മ ൬. മഹോദരചികിത്സായകമം ടം 222 ൯. പാണ്ഡുരോഗചികിത്സാരകമം .......ം 228 കാമിലാചികിത്സ 4 കുംഭകാമിലാചികിത്സ 8 198, ശോഫചികിത്സാരകമം 281 290. വിസര്‍പ്പചികിത്സാരകമം......ം 288 21. മസുരികാചികിത്സ്രകമം .......ം 308 വിന്ഫോടചികിത്സ ദ കക്ഷ്യാചികിത്സ ദ ശീതപിത്തചികിത്സ ദ മാം കുഷ്ഠചികിത്സാരകമം ....ം 2 മഃ, ശ്വിര്രചികിത്സാര്രമം .....ം മോ കൃമിചികിത്സ ദമ 24. വാതരോഗചികിത്സാരകമം .......ം 330 മുട, വാതശോണിതചികിത്സാര്രമം............... 356 5, ഉരഃക്ഷതാരിചികിത്സാരകമം.......ം 364 സ്ഥുലചികിത്സ, ദ കൃശചികിത്സ ടെ വന്ധ്യാചികിത്സ ടെ പ്രസുതിചികിത്സ ി ബാലചികിത്സ ി മു, ഉന്മാദാരിചികിത്സാരകമം .......ം 382 അപസ്‌മാരചികിത്സ 4 8, ന്വേതചികിത്സ്യകമം .... 5, കര്‍ണ്ണരോഗചികിത്സാ്രമം .......ം 408 30. ,്രതിശ്യായേചികിത്സാരകമം.......ം 403 വയസ്ക്കര എന്‍.എസ്‌. മൂസ്സ്‌ ലി ഡ്വേ. ജോസ്‌ ടി പൈകട്‌ ചേപ്പാട്‌ അച്ച്യുതവാരിയര്‍, ദര്‍ ശ്രീജിത്ത്‌ കെ. വാരിയര്‍",കൃമി,8,Vaidyamanorama — full-PDF disease/treatment extraction
dt_011,disease_treatment_qa,പീനസം എന്ന രോഗത്തിന് ഗ്രന്ഥത്തിൽ നിർദ്ദേശിക്കുന്ന ചികിത്സ എന്താണ്?,"ജരചികിത്സാ്രമം 49 ജീര്‍ണ്ണജ്വരാരോചകകാസശൂല- ശ്വാസാഗ്നിമാന്ദ്യാര്‍ദ്ദിതപീനസേഷു. 164 സാരം - ചെറുവഴുതിനവേര്‍, ചുക്ക്‌, അമൃത്‌ ഇവ കഷായം വച്ചു തിപ്പലി പ്പൊടി മേമ്പൊടി ചേര്‍ത്തു സേവിച്ചാല്‍ ജീര്‍ണ്ണജ്ലരം, അരുചി, ചുമ, ശൂലം, വായു മുട്ടല്‍, അഗ്നിമാന്ദ്യം, അര്‍ദ്ദിതവാതം, പീനസം ഇവ ശമിക്കും. പാഠാദി-- പാഠാഗുളൂചീധനപര്‍പ്പടാബ്ദ- ഭൂനിംബവിലേന്ദ്രയവൈഃ ശൃതാംഭഃ പേയം ജരാര്‍ത്തൈരതിസാരിഭിശ്ച യഥാമൃതം സ്വര്‍ഗ്ഗിഭിരാദരേണ. 165 സാരം - പാടക്കിഴങ്ങ്‌, അമൃത്‌, കൊത്തമ്പാലയരി, പര്‍പ്പടകപ്പുല്ല്‌, മുത്തങ്ങാ ക്കിങ്ങ്‌, പുത്തരിച്ചുണ്ടവേര്‍, കുവളത്തിന്‍വേര്‍, കുടകപ്പാലയരി ഇവകൊണ്ടുള്ള കഷായം ജരാതിസാരത്തെ ശമിപ്പിക്കും. നാഗരാതിവിഷാദി-- നാഗരാതിവിഷാമുസ്താഭുനിംബ്ന്ദ്രയവാമൃതാഃ സര്‍വജ്ചരഹരോ യോഗഃ സര്‍വാതീസാരനാശനഃ. 166 സാരം - ചുക്ക്‌, അതിവിടയം, മുത്തങ്ങാക്കിഴങ്ങ്‌, പുത്തരിച്ചുണ്ടവേര്‍്‌, കുടക, പ്ലാലയരി, അമൃത്‌ ഇവകൊണ്ടുള്ള കഷായം എല്ലാ ജരത്തേയും എല്ലാ അതിസാര ത്തേയും ശമിപ്പിക്കും. സഹദേവീരസഖളം-- സഹദേവീരസേ സിദ്ധഃ ഖളഃ സര്‍വജ്വരാപഹ3. സാരം - പുവങ്കുറന്തലിന്റെ നീരില്‍ മുക്കുടി ഉണ്ടാക്കി സേവിച്ചാല്‍ എല്ലാ ജലരവ",പീനസം,49,Vaidyamanorama — full-PDF disease/treatment extraction
dt_012,disease_treatment_qa,കാമല രോഗത്തിന്റെ ചികിത്സയായി ഗ്രന്ഥം എന്താണ് പറയുന്നത്?,"മഭവജ്വരം. 9 സാരം - കടുകുരോഹിണി, കടുക്ക, മുന്തിരിങ്ങാപ്പഴം, മുത്തങ്ങാക്കിഴങ്ങ്‌, പര്‍പ്പ ടരകപ്പിള്ല്‌, ചുക്ക്‌ ഇവ കഷായം വച്ചു സേവിച്ചാല്‍ പിത്തകഫജമായ ജ്വരം ശമിക്കും. വൃഷച്ഛദരസപ്രയോഗം-- വൃഷപുഷ്പഛദരസഃ ശര്‍ക്കരാമാക്ഷികാമ്പിതഃ പിത്തശ്ശേഷ്മജ്വരം ഹന്തി സാസൃക്പിത്തം സകാമിലം. 70 സാരം - ആടലോടകത്തിന്റെ പുവും ഇലയും കുടി ചതച്ചു നീരെടുത്ത്‌ അതില്‍ പഞ്ചസാരയും തേനും ചേര്‍ത്തു സേവിക്കുക. പിത്തകഫജ്ചരം, രക്തപിത്തം, കാമല ഇവ ശമിക്കും. ൨ കടുകാതിവിഷാ ഖ പാഠഃ",കാമല,28,Vaidyamanorama — full-PDF disease/treatment extraction
dt_013,disease_treatment_qa,ഹൃദ്രോഗം ബാധിച്ചാൽ ഗ്രന്ഥപ്രകാരം എന്ത് ചികിത്സയാണ് ചെയ്യേണ്ടത്?,"കരജ്വരത്തെ ശമിപ്പിക്കും. ശട്യാദി-- ശടീ പുഷ്കരമൂലഞ്ച വ്യാഘീ സിംഹീ ദുരാലഭാ ഗുളൂചീ നാഗരം പാഠാ മുസ്താ ച കടുരോഹിണീ. 29 യോഗഃ ശട്യാദികോ നാമ സന്നിപാതജ്വരാപഹഃ കാസഹൃദ്രോഗപാര്‍ശ്വാര്‍ത്തിശ്വാസാദിഷു ച ശസ്യതേ. 80 സാരം - കച്ചോലം, പുഷ്കരമൂലം, ചെറുവഴുതിനവേര്‍, ആടലോടകത്തിന്‍വേ ര, കൊടിത്തുവവേര്‍, അമൃത്‌, ചുക്ക്‌, പാടക്കിഴങ, മുത്തങ്ങാക്കിഴങ്ങ്‌, കടുകുരോ ഹിണി ഇവകൊണ്ടുള്ള കഷായം സന്നിപാതജ്വരത്തെ ശമിപ്പിക്കുന്നതും ചുമ, ഹൃദ്രോഗം, ഇരുപുറത്തുമുള്ള വേദന, വായുമൂട്ടല്‍ ഇവയ്ക്കു നല്ലതുമാകുന്നു. ദേവദാര്‍വാദി-- ദേവദാരുനിശാവ്യാ്ലീത്രിഫലാവിശ്വതിക്തകൈഃ സന്നിപാതജ്വരം ഹന്യാല്‍ ക്വാഥഃ സാബ്ദാമൃതാമയൈ?. ി സാരം - ദേവദാരം, മഞ്ഞള്‍, ചെറുവഴുതിനവേര്‍, ത്രിഫലത്തോട്‌, ചുക്ക്‌, പുത്ത രിച്ചുണ്ടവേര്‍, മുത്തങ്ങാക്കിഴങ്ങ്‌, അമൃത്‌, കൊട്ടം ഇവകൊണ്ടുള്ള കഷായം, സന്നി പഠാതജ്വരത്തെ ഹനിക്കും. യഷ്ടീചന്ദനാദി- യഷ്ടീചന്ദനഭൂനാഗൈര്‍യുക്തം സ്തന്യം പിബേന്നരഃ അഭിന്യാസജ്വരോന്മാദദാഹമോഹ്രഭമാപഹം. 82 സാരം - ഇരട്ടിമധുരം, ചന്ദനം, ഭൂനാഗം ഇവ മുലപ്പാലില്‍ ഇട്ടുവച്ചിരുന്നതിനു ശേഷം ആ മുലപ്പാല്‍ കുടിച്ചാല്‍ അഭിന്യാസജ്വരം, ഉന്മാദം (ഭരാന്ത്‌) സര്‍വാംഗസ ത്താപം, മോഹാലസ്യം, തലകറക്കം ഇവ ശമിക്കും. മൃദ്ധീകാദി നസ്യം- മൃദ്ധീകാമധുകംശുണ്ഠീ കണാസൈന്ധവസംയുതം നാരീക്ഷിരേണ പിഷ്ടാ തു നസ്യം",ഹൃദ്രോഗം,31,Vaidyamanorama — full-PDF disease/treatment extraction
dt_014,disease_treatment_qa,അഗ്നിമാന്ദ്യം രോഗാവസ്ഥയിൽ ഉപയോഗിക്കേണ്ട ഔഷധപ്രയോഗം ഏതാണ്?,"ദ്യമനോരമ സാരം - മുന്‍പറഞ്ഞ ശമനയഷധങ്ങള്‍കൊണ്ടും ജ്വരം ശമിച്ചില്ലെങ്കില്‍ വാതാ ദിദോഷങ്ങളില്‍ ഏതു ദോഷമാണ്‌ കോപിച്ചിരിക്കുന്നതെന്നറിഞ്ഞ്‌ അതാതിനു പറ ഞ്ഞിട്ടുള്ള ഒഷധം പ്രയോഗിച്ചുകൊള്ളണം. ധാന്യാകശുണ്ഠ്യാദി- ധാന്യാകശുണ്ഠീദ്ധിതയൈകഭാഗഃ സിദ്ധഃ കഷായോ വിനിഹന്തി പീതഃ കായാഗ്നിമാന്ദ്യം തരുണജ്വരം ച രസാദ്യജീര്‍ണ്ണം സതൃഷം സദാഹം. 0] സാരം - കൊത്തമ്പാലരി 2 ഭാഗം, ചുക്ക്‌ 1 ഭാഗം ഇങ്ങനെ എടുത്ത്‌ കഷായം വച്ച്‌ സേവിച്ചാല്‍ അഗ്നിമാന്ദ്യം, നവജ്ചരം, തണ്ണിര്‍ദാഹത്തോടും സര്‍വാംഗസന്താ പത്തോടും കൂടിയ രസാദ്യജിര്‍ണ്ണം ഇവ ശമിക്കും. അമൃതാദി-- അമൃതാകണമൂലനാഗരാണാ- മമൃതാനാഗരദുസ്പൃഗംബുദാനാം തരുണജ്ചരനാശന കഷായ കഥിതൌ ഹ്യാഗമകോവിദൈര്‍ഭിഷഗ്രിഃ കമ സാരം - (1) അമൃത്‌, കാട്ടുതിപ്പലിവേര്‍, ചുക്ക്‌; (2) അമൃത്‌, ചുക്ക്‌, കൊടിത്തു വവേര്‍്‌, മുത്തങ്ങാക്കിഴങ്ങ്‌ ഈ രണ്ടു കഷായങ്ങളും നവജ്വരത്തെ നശിപ്പിക്കും. വാതജരത്തിന്‌-- ദുരാലഭാദി-_ ദുരാലഭാ//മൃതാ മുസ്താ- ബലാവില്വമഹൌാഷധൈഃ സപര്‍പ്പടകധാന്യാകൈ$ ക്വാഥോ വാതജ്വരാപഹഃ 43 സാരം - കൊടുത്തുവവേര്‍, അമൃത്‌, മുത്തങ്ങാക്കിഴങ്ങ്‌, കുറുന്തോട്ടിവേര്‍, കൂവ ഉത്തിന്‍വേര്‍, ചുക്ക്‌, പര്‍പ്പുടകപ്പുള്ട്‌, കൊത്തമ്പാലരി ഇവകൊണ്ടുള്ള കഷായം വാത ജരത്തെ നശിപ്പിക്കും. വിശ്വാദി-- വിശ്വാമൃതാഗ്രന്ഥികപഞ്ചമുല- ക്വാഥം പിബേദ്ധാതകൃതേ ജ്വരേ തു സര്",അഗ്നിമാന്ദ്യം,22,Vaidyamanorama — full-PDF disease/treatment extraction
dt_015,disease_treatment_qa,ശോഫം ചികിത്സയ്ക്കായി ഈ ഗ്രന്ഥം നിർദ്ദേശിക്കുന്ന മാർഗം എന്താണ്?,"ജരചികിത്സാ്രമം 35 ഏഷാം കഷായശ്സനാഗ്നിസാദ-- ശോഫാരുചിഘ്നോ ജരസൂദനശ്ച. 99 സാരം - മുത്തങ്ങാക്കിഴങ്ങ്‌, അമൃത്‌, ദേവതാരം, ചെറുതേക്കിന്‍വേര്‍, ചെറുവ ഴൂതിനവേര്‍, തിപ്പലി, പുഷ്കരമൂലം, ചുക്ക്‌ ഇവകൊണ്ടുള്ള കഷായം വായുമുട്ടല്‍, അഗ്നിമാന്ദ്യം, ശോഫം, അരുചി, ജ്വരം ഇവയെ നശിപ്പിക്കും. ദ്രാക്ഷാദി ഘൃതം-- ്രാക്ഷാസിദ്ധം പിബേല്‍ സര്‍പ്പിര്‍ബ്ദലയാ മധുകേന വാ ഫല്ര്രയേണ വാ സര്‍പ്പിര്‍ഗുളൂച്യാ വാ ജ്വരാപഹം. 100 സാരം - മൂുന്തിരിങ്ങാപ്പഴം, കുറുന്തോട്ടിവേര്‍, ഇരട്ടിമധുരം, ശ്രിഫലത്തോട്‌, അമ്യ ത്‌ ഇവയില്‍ ഏതെങ്കിലും ഒരെണ്ണം കല്ക്കമാക്കി കാച്ചിയെടുത്ത നെയ്യ്‌ ലരത്തെ ശമിപ്പിക്കും. നിദിഗ്ദ്ധികാദി--. നിദിഗ്ദ്ധികാതാമലകീത്രായമാണാകലിംഗകൈഃ കൃഷ്ണാംശുമത്യതിവിഷാകടുകാസേവ്യചന്ദനൈഃ. 101 ധാത്രീവില്വഘന്രദാക്ഷാശാരിബാഭിശ്ച സാധിതം ഹന്തി സദ്യോ ജരം കാസം ഘൃതം ശ്വാസം ഹലീമകം. 102. അരുചിം വിഷമം വഹ്നിം യക്ഷ്മാണഞ്ച നവോത്ഥിതം സാരം - ചെറുവഴുതിനവേര്‌, കിഴുകാനെല്ലി, (്ര്മി, കുടകപ്പാലയരി, തിപ്പലി, ഓരിലവേര്‍, അതിവിടയം, കടുകുരോഹിണി, രാമച്ചം, ചന്ദനം, നെല്ലിക്കാത്തോട്‌, കരൂവളത്തിന്‍വേര്‍്‌",ശോഫം,35,Vaidyamanorama — full-PDF disease/treatment extraction
dt_016,disease_treatment_qa,ഉന്മാദം എന്ന രോഗത്തിന് ഗ്രന്ഥത്തിൽ നിർദ്ദേശിക്കുന്ന ചികിത്സ എന്താണ്?,"ബ്ദാമൃതാമയൈ?. ി സാരം - ദേവദാരം, മഞ്ഞള്‍, ചെറുവഴുതിനവേര്‍, ത്രിഫലത്തോട്‌, ചുക്ക്‌, പുത്ത രിച്ചുണ്ടവേര്‍, മുത്തങ്ങാക്കിഴങ്ങ്‌, അമൃത്‌, കൊട്ടം ഇവകൊണ്ടുള്ള കഷായം, സന്നി പഠാതജ്വരത്തെ ഹനിക്കും. യഷ്ടീചന്ദനാദി- യഷ്ടീചന്ദനഭൂനാഗൈര്‍യുക്തം സ്തന്യം പിബേന്നരഃ അഭിന്യാസജ്വരോന്മാദദാഹമോഹ്രഭമാപഹം. 82 സാരം - ഇരട്ടിമധുരം, ചന്ദനം, ഭൂനാഗം ഇവ മുലപ്പാലില്‍ ഇട്ടുവച്ചിരുന്നതിനു ശേഷം ആ മുലപ്പാല്‍ കുടിച്ചാല്‍ അഭിന്യാസജ്വരം, ഉന്മാദം (ഭരാന്ത്‌) സര്‍വാംഗസ ത്താപം, മോഹാലസ്യം, തലകറക്കം ഇവ ശമിക്കും. മൃദ്ധീകാദി നസ്യം- മൃദ്ധീകാമധുകംശുണ്ഠീ കണാസൈന്ധവസംയുതം നാരീക്ഷിരേണ പിഷ്ടാ തു നസ്യം സംജ്ഞാപ്രബോധനം. 3 സാരം-മുന്തിരിങ്ങാപ്പുഴം, ഇരട്ടിമധുരം, ചുക്ക്‌, തിപ്പലി, ഇന്തുപ്പ്‌ ഇവ മുലപ്പാലില്‍ അരച്ച്‌ അതുകൊണ്ടു നസ്യം ചെയ്താല്‍ മോഹാലസ്യം തീര്‍ന്നു ബോധമുണ്ടാകും.",ഉന്മാദം,31,Vaidyamanorama — full-PDF disease/treatment extraction
dt_017,disease_treatment_qa,അപസ്മാരം രോഗത്തിന്റെ ചികിത്സയായി ഗ്രന്ഥം എന്താണ് പറയുന്നത്?,"ഷ്പത്തിന്‍വേര്‍, കരി ഞ്ജീരകം, നറുനീണ്ടിക്കിഴങ്ങ്‌, ചന്ദനം, കൊട്ടം, ഇന്തുപ്പ്‌, ചുക്ക്‌, മുളക്‌, തിപ്പലി, വയമ്പ്‌ ഇവ കല്ക്കമായി ആടലോടകത്തിലനിരില്‍ അരച്ചു ചേര്‍ത്ത്‌ എണ്ണ കാച്ചി യെടുത്ത്‌ അത്‌ സേവിക്കുകയോ അതുകൊണ്ട്‌ തേച്ചുകുളിക്കുകയോ നസ്യം ചെയ്യു കരയോ സന്ധികളിലും നഖത്തിന്റെ അറ്റത്തും തേയ്ക്കുകയോ ചെയ്താല്‍ സകല സന്നിപാതജ്വരം, പക്ഷാഘാതം, അര്‍ദ്ദിതം, ബാഹ്യായാമം അന്തരായാമം മുതലായ വാതരോഗം, ഭൂതാദിഗ്രഹബാധ, അപസ്മാരം, വിഷം, ഉന്മാദം, വിഷമജ്വരം ഇവ ശമിക്കും. ഈ തൈലം വളരെ വിര്യമുള്ളതും രഹസ്യവും ഉത്തമവും അശ്ധിനിദേ വന്മാരാല്‍ നിര്‍മ്മിതവും സന്നിപാതാന്തകം എന്നു പേരോടുകുടിയതും ആകുന്നു. (ഈ എണ്ണയ്ക്ക്‌ ഉപദേശമനുസരിച്ച്‌ കഷായത്തില്‍, കരിനൊച്ചിയില, കുപ്പമഞ്ഞള്‍, പ്രസാരണി, കുറുന്തോട്ടിവേര്‍, ആവണക്കിന്‍വേര്‍ ഇവയും എണ്ണയോളം പാലും കൂട്ടണം. ഇതു ചിക്കണ(മെഴുകു) പാകത്തില്‍ അരിച്ചു ചീനബ്ഭരണിയില്‍ വീത്തി കെട്ടി നെല്ലില്‍ പുത്തി നാല്പതു ദിവസം കഴിഞ്ഞാല്‍ എടുത്തു സന്ധികളിലും നഖാന്തങ്ങളിലും തേച്ചുകൊള്ളണം). സഹദേവീതൈലം- സഹദേവീരസേ തൈലം പചേല്‍ പഞ്ചഗുണേ ഭിഷക്‌, ഷഡംഗകല്ക്കം സക്ഷീരമഭ്യംഗാജ്ജരനാശനം. 108 സാരം - എണ്ണയുടെ അഞ്ചിരട്ടി പുവങ്കുറുന്തലിന്റെ നീരില്‍ ഷഡംഗം (മുത്ത ്ങാക്കിഴങ്ങ്‌, ചന്ദനം, ചുക്ക്‌, ഇരുവേലി, പര്‍പ്പടകപ്പുള്ട്‌, രാമച്ചം)",അപസ്മാരം,36,Vaidyamanorama — full-PDF disease/treatment extraction
dt_018,disease_treatment_qa,വാതരോഗം ബാധിച്ചാൽ ഗ്രന്ഥപ്രകാരം എന്ത് ചികിത്സയാണ് ചെയ്യേണ്ടത്?,"്ഞളും മരമഞ്ഞളും, ശംഖുപൂുഷ്പത്തിന്‍വേര്‍, കരി ഞ്ജീരകം, നറുനീണ്ടിക്കിഴങ്ങ്‌, ചന്ദനം, കൊട്ടം, ഇന്തുപ്പ്‌, ചുക്ക്‌, മുളക്‌, തിപ്പലി, വയമ്പ്‌ ഇവ കല്ക്കമായി ആടലോടകത്തിലനിരില്‍ അരച്ചു ചേര്‍ത്ത്‌ എണ്ണ കാച്ചി യെടുത്ത്‌ അത്‌ സേവിക്കുകയോ അതുകൊണ്ട്‌ തേച്ചുകുളിക്കുകയോ നസ്യം ചെയ്യു കരയോ സന്ധികളിലും നഖത്തിന്റെ അറ്റത്തും തേയ്ക്കുകയോ ചെയ്താല്‍ സകല സന്നിപാതജ്വരം, പക്ഷാഘാതം, അര്‍ദ്ദിതം, ബാഹ്യായാമം അന്തരായാമം മുതലായ വാതരോഗം, ഭൂതാദിഗ്രഹബാധ, അപസ്മാരം, വിഷം, ഉന്മാദം, വിഷമജ്വരം ഇവ ശമിക്കും. ഈ തൈലം വളരെ വിര്യമുള്ളതും രഹസ്യവും ഉത്തമവും അശ്ധിനിദേ വന്മാരാല്‍ നിര്‍മ്മിതവും സന്നിപാതാന്തകം എന്നു പേരോടുകുടിയതും ആകുന്നു. (ഈ എണ്ണയ്ക്ക്‌ ഉപദേശമനുസരിച്ച്‌ കഷായത്തില്‍, കരിനൊച്ചിയില, കുപ്പമഞ്ഞള്‍, പ്രസാരണി, കുറുന്തോട്ടിവേര്‍, ആവണക്കിന്‍വേര്‍ ഇവയും എണ്ണയോളം പാലും കൂട്ടണം. ഇതു ചിക്കണ(മെഴുകു) പാകത്തില്‍ അരിച്ചു ചീനബ്ഭരണിയില്‍ വീത്തി കെട്ടി നെല്ലില്‍ പുത്തി നാല്പതു ദിവസം കഴിഞ്ഞാല്‍ എടുത്തു സന്ധികളിലും നഖാന്തങ്ങളിലും തേച്ചുകൊള്ളണം). സഹദേവീതൈലം- സഹദേവീരസേ തൈലം പചേല്‍ പഞ്ചഗുണേ ഭിഷക്‌, ഷഡംഗകല്ക്കം സക്ഷീരമഭ്യംഗാജ്ജരനാശനം. 108 സാരം - എണ്ണയുടെ അഞ്ചിരട്ടി പുവങ്കുറുന്തലിന്റെ നീരില്‍ ഷഡംഗം (മുത്ത ്ങാക്കിഴങ്ങ്‌, ചന്ദനം, ചുക്ക്‌, ഇരുവേലി, പര്‍",വാതരോഗം,36,Vaidyamanorama — full-PDF disease/treatment extraction
dt_019,disease_treatment_qa,ഭഗന്ദരം രോഗാവസ്ഥയിൽ ഉപയോഗിക്കേണ്ട ഔഷധപ്രയോഗം ഏതാണ്?,"ക്കിട്ങ്‌, ചുക്ക്‌ ഇവകൊണ്ടുള്ള കഷായം ചവര്‍ക്കാരം പൊടിച്ചു മേമ്പൊടി ചേര്‍ത്തു സേവിച്ചാല്‍ എല്ലാ അര്‍ശസ്സുകളും ശമി ക്കും. ചിരിവില്വാദി കഷായം-- ചിരിവില്പപുനര്‍ന്നവവഹ്്യഭയാ- കണനാഗരസൈന്ധവപക്ഷജലം ഗുദകീലഭഗന്ദരഗുന്മഹരം ജഠരാഗ്നിവിവര്‍ദ്ധനമാശു നൃണാം. 27 സാരം - ആവിത്തൊലി, തഴുതാമവേര്‍, കൊടുവേലിക്കിഴങ്ങ്‌, കടുക്കാത്തോട്‌, തിപ്പലി, ചുക്ക്‌ ഇവകൊണ്ടുള്ള കഷായം ഇന്തുപ്പ്‌ മേമ്പൊടി ചേര്‍ത്തു സേവിച്ചാല്‍ അര്‍ശസ്സ്‌, ഭഗന്ദരം, ഗുന്മം ഇവ ശമിക്കുകയും വേഗത്തില്‍ ജഠരാഗ്നി വര്‍ദ്ധിക്കു കയും ചെയ്യും. പത്ഥ്യാദി കഷായം- പത്ഥ്യാചിത്രകദന്തീനാം ക്വാഥസൈന്ധവസംയുതഃ അര്‍ശാംസി ശമയത്യാശു മലസംശോധനേ ഹിതഃ. 28 സാരം - കടുക്കാത്തോട്‌, കൊടുവേലിക്കിഴങ്ങ്‌, നാഗദന്തിവേര്‍ ഇവകൊണ്ടുള്ള കഷായം ഇന്തുപ്പു മേമ്പൊടി ചേര്‍ത്തു സേവിക്കുക. അര്‍ശസ്സു ശമിക്കും. ഇതു മല ശോധനയ്ക്കും നല്ലതാകുന്നു",ഭഗന്ദരം,170,Vaidyamanorama — full-PDF disease/treatment extraction
dt_020,disease_treatment_qa,ശിരോരോഗം ചികിത്സയ്ക്കായി ഈ ഗ്രന്ഥം നിർദ്ദേശിക്കുന്ന മാർഗം എന്താണ്?,"തജില്‍ സാരം -- കുറുന്തോട്ടി കഷായം വച്ച്‌ അതില്‍ ദേവതാരം, കുറുന്തോട്ടിവേര്‌, അരത്ത, മാഞ്ചി, കടുക്‌, ചുക്ക്‌ ഇവ അരച്ചു കലക്കി എണ്ണ ചേര്‍ത്ത്‌ കാച്ചി എടുക്കു ക. ഈ തൈലം സര്‍വാങ്ഗവാതത്തെ ശമിപ്പിക്കും. ഗുളുചീതൈലം- ഗുളൂചീക്വാഥകല്‍ക്കാഭ്യാം തൈലം ക്ഷീരസമമ്പിതം 93 പക്വം ജയേദസൃഗ്വാതശിരോരോഗജ്വരാദികാന്‍ സാരം - അമൃതു കഷായത്തില്‍ അമൃതു തന്നെ കല്ക്കമായി പാലും ചേര്‍ത്തു എണ്ണ കാച്ചി എടുത്തു ഉപയോഗിച്ചാല്‍ രക്തവാതം, ശിരോരോഗം, ജ്വരം ഇവ ശമി ക്കും. പ്രഭഞ്ജനവിമര്‍ദനതൈലം-- ബലാശതാവരീശിഗ്രുവരണാര്‍ക്കകരഞ്ജകാഃ 94 ഏരണ്ഡശ്ചാപി കോരണ്ഡോ വാജിഗന്ധാ പ്രസാരിണീ പഞ്ചമൂലം വരിഷ്ഠം ച തൈസ്സമൈഃ ക്ഥഥിതേ ജലേ 95 പാദാവശേഷിതേ ദദ്യാല്‍ തൈലസ്യാര്‍ദ്ധാഡകം ഭിഷക്‌",ശിരോരോഗം,350,Vaidyamanorama — full-PDF disease/treatment extraction
dt_021,disease_treatment_qa,കണ്ഠരോഗം എന്ന രോഗത്തിന് ഗ്രന്ഥത്തിൽ നിർദ്ദേശിക്കുന്ന ചികിത്സ എന്താണ്?,"ാസജില്‍ വൈസ്വര്യശ്വാസഗുന്മാര്‍ശള്‍ഛര്‍ദ്ദികണ്ഠാമയാപഹം. 6 സാരം -- പച്ചക്കര്‍പ്പൂരം, ഏലത്തരി, തക്കോലപ്പുട്ടില്‍, ജാതിക്കാ, പച്ചില ഇവ സമഭാഗം (ഓരോ കഴഞ്ച്‌) ഇലവര്‍ങത്തൊലി, നാഗപ്പൂവ്‌, നല്ലമുളക്‌, തിപ്പലി, ചുക്ക്‌, ഇവ ഇരട്ടി വീതം (ഈരണ്ടു കഴഞ്ച്‌) പൊടിച്ചു എല്ലാ മരുന്നുകളോളവും പഞ്ചസാ രചേര്‍ത്തു സേവിക്കുക. ഈ ചൂര്‍ണ്ണം ഹൃദയ്ര്പിയവും രുചികരവും ക്ഷയകാസം, സ്വരഭേദം, വായുമുട്ടല്‍, ഗുന്മം, അര്‍ശസ്സ്‌, ഛര്‍ദ്ദി, കണ്ഠരോഗം ഇവയെ ശമിപ്പിക്കു ന്നതും ആകുന്നു. ബലാബ്ൃഹത്യാദി കഷായം-- ബലാബ്ൃഹത്യംശുമതീദ്വയവാശാശൃതം ജലം കൃഷ്ണാപരാഗസംമിശ്രം ക്ഷയകാസഹരം പരം. ി",കണ്ഠരോഗം,94,Vaidyamanorama — full-PDF disease/treatment extraction
dt_022,disease_treatment_qa,പ്രതിശ്യായം രോഗത്തിന്റെ ചികിത്സയായി ഗ്രന്ഥം എന്താണ് പറയുന്നത്?,"ൂതീകവാളകശടീദഹനൈഃ ശൃതാംഭഃ തൃട്ശുലവാന്‍ പരിപിബേദഥവാ വിഷുച്യാം കൈഡര്യസിദ്ധസലിലം ശരപുംഖജം വാ. 63 സാരം - കുവളത്തിന്‍വേര്‍, അയമോദകം, മുത്തങ്ങാക്കിഴങ്ങ്‌, ചുക്ക്‌, കൊത്ത മ്പാലരി, വയമ്പ്‌, ആവിത്തൊലി, ഇരുവേലി, കച്ചോലം, കൊടുവേലിക്കിഴ്ങ്‌ ഇവ കൊണ്ടുള്ള കഷായമോ കരിവേപ്പിന്‍തണ്ടുകൊണ്ടോ കൊഴിഞ്ഞിലിന്‍വേരു കൊണ്ടോ ഉണ്ടാക്കിയ കഷായമോ സേവിച്ചാല്‍ തണ്ണിര്‍ദാഹത്തോടുകുടിയ വിഷു ചിക ശമിക്കും. ആര്‍ദ്രകപ്രയോഗം- മന്ദാഗ്നിത്വം പ്രതിശ്യായം പാണ്ഡുതാം വിഷമജ്ലരം അരുചിം ശ്വാസകാസം ച നിഹന്യാന്മധുനാര്‍ദ്രകം. 4 സാരം - തേനും ഇഞ്ചിയും കൂടി ഉപയോഗിച്ചാല്‍ അഗ്നിമാന്ദ്യം, പീനസം, പാണ്ഡുത്വം, വിഷമജ്ചരം, അരുചി, വായുമൂട്ടല്‍, ചുമ ഇവ ശമിക്കും. ത്രരാദി പ്രയോഗം-- അതിമാത്രം വിഷുചീ ചേത്ത്ക്രം ദധി ഹിമം ജലം നാളികേരാംബു പേയാം വാ പ്രാണ്രതാണായ ദാപയേല്‍. 65 സാരം - വിഷുചിക അത്യധികം വര്‍ദ്ധിച്ചാല്‍ പ്രാണരക്ഷണത്തിനായിട്ട്‌ മോര്‌, തൈര്‍, തണുത്തവെള്ളം, ഉണങ്ങിവരണ്ട നാളികേരത്തിന്റെ ജലം, കഞ്ഞി ഇവയി ലേതെങ്കിലും കൊടുക്കാം. ഇതി വൈദ്യമനോരമായാം ചികിത്സ്ര്രമേ ഗ്രഹണീചികിത്സാക്രമോ നാമ ദ്ാദശോ/ദ്ധ്യായഃ ഇങ്ങനെ വൈദ്യമനോരമ എന്ന ചികിത്സാ്രമത്തില്‍ ഗ്രഹണിചികിത്സാക്രമം എന്ന പ്ര്തണ്ടാമദ്ധ്യായം കഴിഞ്ഞു.",പ്രതിശ്യായം,213,Vaidyamanorama — full-PDF disease/treatment extraction
dt_023,disease_treatment_qa,സന്നിപാതം ബാധിച്ചാൽ ഗ്രന്ഥപ്രകാരം എന്ത് ചികിത്സയാണ് ചെയ്യേണ്ടത്?,"ങ്ങാക്കിഴങ്ങ്‌ ഇവ അരച്ചു മുല പ്ലാലും കരിമ്പിന്‍നീരുംകുടി യോജിപ്പിച്ച്‌ അതില്‍ കലക്കി അരിച്ച്‌ പഞ്ചസാരയും തേനും ചേര്‍ത്തു നസ്യം ചെയ്താല്‍ പെട്ടെന്നുണ്ടായ ഉന്മാദം ശമിക്കും. ത്ര്യൂഷണാദി നസ്യം-- ത്യൂഷണം നാഗകുസുമം സൈന്ധവം സമഭാഗികം കഫോത്ഥസന്നിപാതേഷു സ്തന്യേന സഹ യോജയേല്‍. 91 സാരം - ചുക്കു മുളകു തിപ്പലി, നാഗപ്പുവ്‌, ഇന്തുപ്പ്‌ ഇവ സമാംശമായി എടുത്തു മുലപ്പാലില്‍ അരച്ച്‌ അരിച്ചതിനുശേഷം നസ്യം ചെയ്യുക. കഫജമായ സന്നിപാതം ശമിക്കും. ദേവദാര്‍വാദി-- ദേവതാരു നതം കുഷ്ഠം മധുകം ചന്ദനദ്വയം പിഷ്ട്വാ സ്തന്യേന ലുളിതം വാതസന്നികുലാന്തകം. 92 സാരം - ദേവതാരം, തകരം, കൊട്ടം, ഇരട്ടിമധുരം, ചന്ദനം, രക്തചന്ദനം ഇവ മുലപ്പാലില്‍ അരച്ച്‌ അതുകൊണ്ടു നസ്യം ചെയ്യുക. വാതജമായ സന്നിപാതം ശമിക്കും. കാലാശ്ൃംഗാദി- കാലാശ്ൃംഗേണ രുദ്രാക്ഷം ൨ ശാരിബാബ്ദലാജൈഃ (ഖ)",സന്നിപാതം,33,Vaidyamanorama — full-PDF disease/treatment extraction
dt_024,disease_treatment_qa,വിഷം രോഗാവസ്ഥയിൽ ഉപയോഗിക്കേണ്ട ഔഷധപ്രയോഗം ഏതാണ്?,"വേര്‍, കരി ഞ്ജീരകം, നറുനീണ്ടിക്കിഴങ്ങ്‌, ചന്ദനം, കൊട്ടം, ഇന്തുപ്പ്‌, ചുക്ക്‌, മുളക്‌, തിപ്പലി, വയമ്പ്‌ ഇവ കല്ക്കമായി ആടലോടകത്തിലനിരില്‍ അരച്ചു ചേര്‍ത്ത്‌ എണ്ണ കാച്ചി യെടുത്ത്‌ അത്‌ സേവിക്കുകയോ അതുകൊണ്ട്‌ തേച്ചുകുളിക്കുകയോ നസ്യം ചെയ്യു കരയോ സന്ധികളിലും നഖത്തിന്റെ അറ്റത്തും തേയ്ക്കുകയോ ചെയ്താല്‍ സകല സന്നിപാതജ്വരം, പക്ഷാഘാതം, അര്‍ദ്ദിതം, ബാഹ്യായാമം അന്തരായാമം മുതലായ വാതരോഗം, ഭൂതാദിഗ്രഹബാധ, അപസ്മാരം, വിഷം, ഉന്മാദം, വിഷമജ്വരം ഇവ ശമിക്കും. ഈ തൈലം വളരെ വിര്യമുള്ളതും രഹസ്യവും ഉത്തമവും അശ്ധിനിദേ വന്മാരാല്‍ നിര്‍മ്മിതവും സന്നിപാതാന്തകം എന്നു പേരോടുകുടിയതും ആകുന്നു. (ഈ എണ്ണയ്ക്ക്‌ ഉപദേശമനുസരിച്ച്‌ കഷായത്തില്‍, കരിനൊച്ചിയില, കുപ്പമഞ്ഞള്‍, പ്രസാരണി, കുറുന്തോട്ടിവേര്‍, ആവണക്കിന്‍വേര്‍ ഇവയും എണ്ണയോളം പാലും കൂട്ടണം. ഇതു ചിക്കണ(മെഴുകു) പാകത്തില്‍ അരിച്ചു ചീനബ്ഭരണിയില്‍ വീത്തി കെട്ടി നെല്ലില്‍ പുത്തി നാല്പതു ദിവസം കഴിഞ്ഞാല്‍ എടുത്തു സന്ധികളിലും നഖാന്തങ്ങളിലും തേച്ചുകൊള്ളണം). സഹദേവീതൈലം- സഹദേവീരസേ തൈലം പചേല്‍ പഞ്ചഗുണേ ഭിഷക്‌, ഷഡംഗകല്ക്കം സക്ഷീരമഭ്യംഗാജ്ജരനാശനം. 108 സാരം - എണ്ണയുടെ അഞ്ചിരട്ടി പുവങ്കുറുന്തലിന്റെ നീരില്‍ ഷഡംഗം (മുത്ത ്ങാക്കിഴങ്ങ്‌, ചന്ദനം, ചുക്ക്‌, ഇരുവേലി, പര്‍പ്പടകപ്പുള്ട്‌, രാമച്ചം) കല്ക്ക",വിഷം,36,Vaidyamanorama — full-PDF disease/treatment extraction
dt_025,disease_treatment_qa,ഉദരം ചികിത്സയ്ക്കായി ഈ ഗ്രന്ഥം നിർദ്ദേശിക്കുന്ന മാർഗം എന്താണ്?,"ഭൃഷ്ടം യമകേ ലവണാമ്പിതം ഹൃല്‍പാര്‍ശ്വയോനിശുലേഷു ഖാദേല്‍ ഗുന്മോദരേഷു ച. 38 സാരം - പഞ്ചകോലം (തിപ്പലി, കാട്ടുതിപ്പലിവേര്‍, കാട്ടുമുളകിന്‍വേര്‍, കൊടു വേലിക്കിഴങ്ങ്‌, ചുക്ക്‌) കച്ചോലം, കടുക്കാത്തോട്‌, ശര്‍ക്കര, നിര്‍മാതളത്തിന്‍വേര്‍, പുഷ്കരമൂലം ഇവ വാരുണിമദ്യത്തില്‍ അരച്ചു കലക്കി കുറച്ച്‌ ഇന്തുപ്പും ചേര്‍ത്ത്‌ എണ്ണയും നെയ്യും സമം ചേര്‍ത്തതില്‍ വറത്തു സേവിക്കുക. ഹൃദയശുലം, പാര്‍ശ്വ ശൂലം, യോനിശുലം, ഗുന്മം, ഉദരം ഇവ ശമിക്കും. ലഘുപഞ്ചമുലാദി ജലപാനം-- ലഘുനാ പഞ്ചമൂലേന ശുണ്ധ്യാ വാ സാധിതം ജലം വാരുണീം ദധിമണ്ഡം വാ ധാന്യാമൂം വാ പിബേല്‍ തൃഷി. 39 സാരം - ലഘുപഞ്ചമുലംകൊണ്ടോ (ഓരില, മൂവില, കറുത്തചുണ്ട, വെളുത്ത ചുണ്ട, ഞെരിഞ്ഞില്‍) ചുക്കുകൊണ്ടോ ഉണ്ടാക്കിയ കഷായമോ വാരുണി മദ്യമോ തൈരിന്‍തെളിയോ കാടിയോ കുടിക്കുക. വാതഹ്ൃ ദ്രോഗത്താല്‍ ഉണ്ടായ തണ്ണീര്‍ദാഹം ശമിക്കും. മഹാസ്‌നേഹം- രാസ്നാജീവകജിീവന്തീ- ബലാവ്യാര്ലീപുനര്‍ന്നവൈഃ ഭാര്‍ങ്ഗീസ്ഥിരാവചാവ്യോഷൈ-",ഉദരം,147,Vaidyamanorama — full-PDF disease/treatment extraction
dt_026,disease_treatment_qa,പിത്തരോഗം എന്ന രോഗത്തിന് ഗ്രന്ഥത്തിൽ നിർദ്ദേശിക്കുന്ന ചികിത്സ എന്താണ്?,"വ, പുനര്‍മ്മുരിങ്ങ, പേച്ചുര, ശീതവി ര്യങ്ങളായ അന്നപാനങ്ങള്‍ ഇവയും രക്തപിത്തരോഗിക്ക്‌ പത്ഥ്യങ്ങളാകുന്നു. വാശാപ്രയോഗം-- ബഹുപ്രകാരൈരുപസേവ്യമാനാ ക്ഷയദ്രാമ്പിതാ രക്തജയായ വാശാ സത്യം സമര്‍ത്ഥാ ജഗതാം സവിത്രീ യഥൈവ സംസാരജയായ ഗൌരീ. 56 സാരം - ആടലോടകം കഷായം വച്ചോ ഇടിച്ചുപിഴിഞ്ഞ്‌ നീരെടുത്തോ പല പ്രകാരത്തില്‍ തേന്‍ ചേര്‍ത്ത്‌ ഉപയോഗിച്ചാല്‍, ്രൈലോക്യമാതാവായ ശ്രിപാര്‍വ തിയുടെ സേവകൊണ്ട്‌ സംസാരം നശിക്കുന്നതുപോലെ രക്തപിത്തരോഗം നിശ്ച യമായും ശമിക്കും. രക്തപിത്തോപ്രദവങ്ങള്‍-- ദൌര്‍ബല്യം ശ്വാസകാസഈ ജ്വരവമഥുമദാഃ പാണ്ഡുതാ ദാഹമോഹയ ഭക്താശ്രദ്ധാ//വിപാകോ ഹൃദയഗുദരുജോ- പ്രദവാ രക്തപിത്തേ; യല്‍കൃഷ്ണം യച്ച നീലം ഭൃശമതി കുൂണപം രോമകൂപൈഃ സ്രുതം യല്‍ തദ്വര്‍ജ്ജ്യം വേഗവദ്യല്‍ സുരപതിധനുഷാ യച്ച തുല്യം വിഭാതി. 7 സാരം - ബലക്കുറവ്‌, വായുമൂട്ടല്‍, ചുമ, പനി, ഛര്‍ദ്ദി, മദം, ശരീരത്തിനു പാണ്ഡു ത്വം, സര്‍വാംഗസന്താപം, മോഹാലസ്യം, അന്നത്തില്‍ ശ്രദ്ധയില്ലായ്ക, ദഹനക്കേ ട്‌, ഹൃദയം, ഗുദം ഈ സ്ഥാനങ്ങളില്‍ വരുന്ന വേദന ഇവ രക്തപിത്തത്തില്‍ ഉണ്ടാ കുന്ന ഉപ്രദവരോഗങ്ങളാകുന്നു. കറുത്തനിറത്തിലും നീലനിറത്തിലും ശവഗന്ധ ത്തോടുകുടിയും രോമകുപങ്ങളില്‍കൂടി ശ്രവിക്കുന്നതും വളരെ വേഗങ്ങളോടുകു ടിയതും ഇന്ദ്രധനുസ്സിന്റെ നിറത്തോടു തുല്യമായും ഇരിക്കുന്ന രക്തപിത്തം അചി കിത്സ്യമാക",പിത്തരോഗം,74,Vaidyamanorama — full-PDF disease/treatment extraction
dt_027,disease_treatment_qa,കഫരോഗം രോഗത്തിന്റെ ചികിത്സയായി ഗ്രന്ഥം എന്താണ് പറയുന്നത്?,"േവിച്ചാല്‍ അപക്വമായ ശോഫം പെട്ടെന്നു ശമിക്കും. പത്ഥ്യാപുനര്‍ന്നവാദി കഷായം-- പത്ഥ്യാപുനര്‍ന്നവമഹൌഷധഭ്രദദാരു-- ക്വാഥം പിബേല്‍ സുഖജലേന തു കല്ക്കിതം വാ ശോഷാഗ്നിമാന്ദ്യഗുദകീലഭഗന്ദരേഷു, സപ്ലീഹപാണ്ഡുജഠരോര്‍ദ്വകഫാമയേഷു. 13 സാരം - കടുക്കാത്തോട്‌, തഴുതാമവേര്‍, ചുക്ക്‌, ദേവതാരം ഇവ കഷായം വച്ചോ അരച്ചു ചുടവെള്ളത്തില്‍ കലക്കിയോ സേവിച്ചാല്‍ ശോഷം, അഗ്നിമാന്ദ്യം, അര്‍ശ സ്സ്‌, ഭഗന്ദരം, പ്ലീഹരോഗം, പാണ്ഡുരോഗം, മഹോദരം, കഫരോഗം ഇവ ശമിക്കും. അജാജ്യാദി ചൂര്‍ണ്ണം-- അജാജിപാഠാഘനപഞ്ചകോല- വ്യാരഘീരജനൃസ്സുഖതോയപീതാഃ ശോഫം ത്രിദോഷം ചിരജം പ്രവൃദ്ധം നിഘ്നന്തി ഭൂനിംബമഹൌഷധേ ച. [1 സാരം - ജീരകം, പാടക്കിഴങ്ങ്‌, മുത്തങ്ങാക്കിഴങ്ങ്‌, പഞ്ചകോലം (തിപ്പലി, കാട്ടു തിപ്പുലിവേര്‍, കാട്ടുമുളകിന്‍വേര്‍, കൊടുവേലിക്കിഴങ്ങ്‌, ചുക്ക്‌) ചെറുവഴുതിനവേര്‍, മഞ്ഞള്‍ ഇവയോ പുത്തരിച്ചുണ്ടവേരും ചുക്കും കൂടിയോ പൊടിച്ചു ചുടുവെള്ള ത്തില്‍ കലക്കി സേവിച്ചാല്‍ മുന്നു ദോഷം കോപിച്ചുണ്ടായതും കാലപ്പഴക്കം ചെന്നതും വര്‍ദ്ധിച്ചതും ആയ ശോഫം ശമിക്കും. ദശമൂലതൈലം-- ദശമൂലകഷായേണ പിഷ്ടേന സുരദാരുണാ തൈലം പ്രസിദ്ധം ശ്വയഥൌ പഠനാഭ്യംഗേ പ്രശസ്യതേ. നി സാരം - ദശമൂലം കഷായം വച്ച്‌ അതില്‍ ദേവതാരം അരച്ചു കലക്കി എണ്ണ കാച്ചി എടുത്തു ആ എണ്ണ സേവിക്കുകയോ അതുകൊണ്ട്‌ തേച്ചു കുളിക്കുകയോ ചെയ്യുന്നത്",കഫരോഗം,294,Vaidyamanorama — full-PDF disease/treatment extraction
dt_028,disease_treatment_qa,ജ്വരം ബാധിച്ചാൽ ഗ്രന്ഥപ്രകാരം എന്ത് ചികിത്സയാണ് ചെയ്യേണ്ടത്?,"ജരചികിത്സാ്രമം 13 ലംഘനനിഷേധം-- ശുദ്ധവാതക്ഷയാഗന്തു ജീര്‍ണ്ണജ്രിഷു ലംഘനം നേഷ്യതേ തേഷു ഹി ഹിതം ശമനം യന്ന കര്‍ശനം ടട സാരം - കേവലവാതം കൊണ്ടും ധാതുക്ഷയം കൊണ്ടും ഉള്ള ജ്വരം ആഗ ത്തുകജ്ചരം ജീര്‍ണ്ണജ്വരം (പഴകിയ പനി) ഇവയുളളവര്‍ക്ക്‌ ഉപവാസം ഹിതമല്ല. അവര്‍ക്കു കര്‍ശനമല്ലാതുള്ള (ചടപ്പിക്കാതെയുള്ള) ശമന്രകിയ ചെയ്തുകൊള്ള ണം. സാമജ്വരലക്ഷണം-- ജ്വരോപ്രദവതീക്ഷ്ണത്വമഗ്ലാനിര്‍ബ്ബഹുമുധ്രതാ ന പ്രവൃത്തിര്‍ന്ന വിഡ്ജീര്‍ണ്ണാ ന ക്ഷുത്സാമജ്വരാകൃതിഃ 6 ഇതി സാമജ്വരാകൃത്യാ ജാനീയാദവിശോഷിതം സാരം - ജ്വരോപ്രദവങ്ങളുടെ ആധിക്യം, ക്ഷീണമില്ലായ്ക, മൂത്രം ധാരാളം പോവുക, മലം പോകാതെയും ദഹിക്കാതെയുമിരിക്ക, വിശപ്പില്ലായ്‌ക ഇവ ആമ ത്തോടുകുടിയ ജ്വരത്തിന്റെ ലക്ഷണങ്ങളാകുന്നു. ഇങ്ങനെയുള്ള സാമജ്ചരലക്ഷ ണം കൊണ്ട്‌ അവിശോഷിതനെന്ന്‌ (ലംഘനം ശരിയാവാതെയുള്ളവനെന്ന്‌) അറി യണം. ശമനരുപമായ ലംഘനത്തില്‍ വെച്ചു ശ്രേഷ്ഠമായ ഉപവാസം ചെയ്തിട്ടും ആമജ്വരലക്ഷണമുണ്ടായിരുന്നാല്‍ ദിവിധോപ്രകമണീയത്തില്‍ വിധിച്ചിരിക്കുന്ന ശോധനരുപമായ ല",ജ്വരം,13,Vaidyamanorama — full-PDF disease/treatment extraction
dt_029,disease_treatment_qa,പാണ്ഡു രോഗാവസ്ഥയിൽ ഉപയോഗിക്കേണ്ട ഔഷധപ്രയോഗം ഏതാണ്?,"്ങളാകുന്നു. വാശാപ്രയോഗം-- ബഹുപ്രകാരൈരുപസേവ്യമാനാ ക്ഷയദ്രാമ്പിതാ രക്തജയായ വാശാ സത്യം സമര്‍ത്ഥാ ജഗതാം സവിത്രീ യഥൈവ സംസാരജയായ ഗൌരീ. 56 സാരം - ആടലോടകം കഷായം വച്ചോ ഇടിച്ചുപിഴിഞ്ഞ്‌ നീരെടുത്തോ പല പ്രകാരത്തില്‍ തേന്‍ ചേര്‍ത്ത്‌ ഉപയോഗിച്ചാല്‍, ്രൈലോക്യമാതാവായ ശ്രിപാര്‍വ തിയുടെ സേവകൊണ്ട്‌ സംസാരം നശിക്കുന്നതുപോലെ രക്തപിത്തരോഗം നിശ്ച യമായും ശമിക്കും. രക്തപിത്തോപ്രദവങ്ങള്‍-- ദൌര്‍ബല്യം ശ്വാസകാസഈ ജ്വരവമഥുമദാഃ പാണ്ഡുതാ ദാഹമോഹയ ഭക്താശ്രദ്ധാ//വിപാകോ ഹൃദയഗുദരുജോ- പ്രദവാ രക്തപിത്തേ; യല്‍കൃഷ്ണം യച്ച നീലം ഭൃശമതി കുൂണപം രോമകൂപൈഃ സ്രുതം യല്‍ തദ്വര്‍ജ്ജ്യം വേഗവദ്യല്‍ സുരപതിധനുഷാ യച്ച തുല്യം വിഭാതി. 7 സാരം - ബലക്കുറവ്‌, വായുമൂട്ടല്‍, ചുമ, പനി, ഛര്‍ദ്ദി, മദം, ശരീരത്തിനു പാണ്ഡു ത്വം, സര്‍വാംഗസന്താപം, മോഹാലസ്യം, അന്നത്തില്‍ ശ്രദ്ധയില്ലായ്ക, ദഹനക്കേ ട്‌, ഹൃദയം, ഗുദം ഈ സ്ഥാനങ്ങളില്‍ വരുന്ന വേദന ഇവ രക്തപിത്തത്തില്‍ ഉണ്ടാ കുന്ന ഉപ്രദവരോഗങ്ങളാകുന്നു. കറുത്തനിറത്തിലും നീലനിറത്തിലും ശവഗന്ധ ത്തോടുകുടിയും രോമകുപങ്ങളില്‍കൂടി ശ്രവിക്കുന്നതും വളരെ വേഗങ്ങളോടുകു ടിയതും ഇന്ദ്രധനുസ്സിന്റെ നിറത്തോടു തുല്യമായും ഇരിക്കുന്ന രക്തപിത്തം അചി കിത്സ്യമാകുന്നു. രക്തപിത്തപ്രശാന്ത്യര്‍ത്ഥം ഗണേശം ച പ്രപൂജയേല്‍. ഇതി വൈദ്യമനോരമായാം ചികിത്സ്ര്രമേ",പാണ്ഡു,74,Vaidyamanorama — full-PDF disease/treatment extraction
dt_030,disease_treatment_qa,കുഷ്ഠം ചികിത്സയ്ക്കായി ഈ ഗ്രന്ഥം നിർദ്ദേശിക്കുന്ന മാർഗം എന്താണ്?,"നീരുംകുടി യോജിപ്പിച്ച്‌ അതില്‍ കലക്കി അരിച്ച്‌ പഞ്ചസാരയും തേനും ചേര്‍ത്തു നസ്യം ചെയ്താല്‍ പെട്ടെന്നുണ്ടായ ഉന്മാദം ശമിക്കും. ത്ര്യൂഷണാദി നസ്യം-- ത്യൂഷണം നാഗകുസുമം സൈന്ധവം സമഭാഗികം കഫോത്ഥസന്നിപാതേഷു സ്തന്യേന സഹ യോജയേല്‍. 91 സാരം - ചുക്കു മുളകു തിപ്പലി, നാഗപ്പുവ്‌, ഇന്തുപ്പ്‌ ഇവ സമാംശമായി എടുത്തു മുലപ്പാലില്‍ അരച്ച്‌ അരിച്ചതിനുശേഷം നസ്യം ചെയ്യുക. കഫജമായ സന്നിപാതം ശമിക്കും. ദേവദാര്‍വാദി-- ദേവതാരു നതം കുഷ്ഠം മധുകം ചന്ദനദ്വയം പിഷ്ട്വാ സ്തന്യേന ലുളിതം വാതസന്നികുലാന്തകം. 92 സാരം - ദേവതാരം, തകരം, കൊട്ടം, ഇരട്ടിമധുരം, ചന്ദനം, രക്തചന്ദനം ഇവ മുലപ്പാലില്‍ അരച്ച്‌ അതുകൊണ്ടു നസ്യം ചെയ്യുക. വാതജമായ സന്നിപാതം ശമിക്കും. കാലാശ്ൃംഗാദി- കാലാശ്ൃംഗേണ രുദ്രാക്ഷം ൨ ശാരിബാബ്ദലാജൈഃ (ഖ)",കുഷ്ഠം,33,Vaidyamanorama — full-PDF disease/treatment extraction
dt_031,disease_treatment_qa,കാസം എന്ന രോഗത്തിന് ഗ്രന്ഥത്തിൽ നിർദ്ദേശിക്കുന്ന ചികിത്സ എന്താണ്?,"ട്പോട്ടുള്ള രക്തപിത്തം ശമിക്കും. ദുരാലഭായാഃ ക്വാഥസ്തു രക്തപിത്തനിബര്‍ഹണഃ. 3 സാരം - കൊടിത്തുവവേരുകൊണ്ടുള്ള കഷായം രക്തപിത്തഹരമാണ്‌. വാശാദി-- വാശാച്ഛിന്നരുഹാക്വാഥഃ സകൃഷ്ണഃ സസിതാമധുഭ ശോണിതോദ്ഗാരഹൃല്‍കാസക്ഷയഘ്നഃ സ്വരകൃല്‍ പരം. ദക സാരം - ആടലോടകത്തിന്‍വേര്‍, അമൃതു പടം കളഞ്ഞ്‌ ഇവകൊണ്ടുള്ള കഷായം തിപ്പലിപ്പൊടിയും പഞ്ചസാരയും തേനും മേമ്പൊടി ചേര്‍ത്തു സേവിച്ചാല്‍ രക്തത്തിന്റെ ചുവയോടുകുടിയ തികട്ടല്‍, ഹൃദ്രോഗം, കാസം, ക്ഷയം ഇവയെ ഹനി ക്കുന്നതും ഏറ്റവും സ്വരത്തിനു ശുദ്ധിയെ ഉണ്ടാക്കുന്നതുമാകുന്നു. ചന്ദനാദി-- ക്വാഥശ്ചന്ദനവിലാബ്ദപര്‍പ്പടോശീരസാധിതഃ ആശു പിത്താസൃജം ഹന്യാദൂര്‍ദ്ധ്ഗം ചാപ്യധോഗതം. 35 സാരം - ചന്ദനം, കുവളത്തിന്‍വേരിന്മേല്‍തൊലികളഞ്ഞ്‌, മുത്തങ്ങാക്കിഴങ്ങ്‌ മൊരികളഞ്ഞ്‌, പര്‍പ്പടകപ്പിള്ല്‌, രാമച്ചം ഇവ കഷായം വച്ചു സേവിക്കുക. മേല്പോട്ടും കരിട്പോട്ടും ഉള്ള രക്തപിത്തം വേഗത്തില്‍ ശമിക്കും. വടശ്യംഗാദി--. വടശ്യംഗോത്പലമധുക- ദ്രാക്ഷാമോചേക്ഷുകാഷ്മര്യഃ പത്മജകേസരസഹിതൈഃ സസിതാമധു രക്തജിത്പാക്യം. 36 സാരം - പേരാലിന്‍മൊട്ട്‌, ചെങ്ങഴിനീര്‍ക്കിഴങ്ങ്‌, ഇരട്ടിമധുരം, മുന്തിരിങ്ങാപ്പ ൭൦ കുരുകളഞ്ഞ്‌, ഇലവിന്‍പശ, നീലക്കരിമ്പിന്‍വേര്‍, കുമ്പിളിന്‍വേരിന്മേല്‍തൊലി കളഞ്ഞ്‌, താമരയല്ലി ഇവ കഷായം വച്ച്‌ ആറിയാല്‍ പഞ്ചസാരയും തേനും മേമ്പൊ ട",കാസം,69,Vaidyamanorama — full-PDF disease/treatment extraction
dt_032,disease_treatment_qa,അതിസാരം രോഗത്തിന്റെ ചികിത്സയായി ഗ്രന്ഥം എന്താണ് പറയുന്നത്?,"വെള്ളത്തില്‍ പല പ്രാവശ്യം ഇട്ടതിനു ശേഷം ആ ജലം ഇറ്റിയെടുത്തു സേവിച്ചാലും ഛര്‍ദ്ദി ശമിക്കും. ജംബ്ഥ്രമപല്ലവാദി കഷായം. ജംബ്വാര്മപല്ലവോശീരവടശുംഗാവരോഹജഃ ക്വാഥോ മധുയുതഃ പീതഃ ശീതോ വാ വിനിയച്ഛതി. [ ഛര്‍ദ്ദിം ജരമതീസാരം മൂര്‍ച്ഛാം തൃഷ്ണാം ച ദൂര്‍ജയാം സാരം - ഞാവല്‍തളിര്‍, മാവിന്‍തളിര്‍, രാമച്ചം, പേരാലിന്‍മൊട്ട്‌, പേരാലിന്‍വേട്‌ ഇവ കഷായം വച്ച്‌ ആറിയാല്‍ തേന്‍ മേമ്പൊടി ചേര്‍ത്തു സേവിക്കുക. ഛര്‍ദ്ദി, ജ്വരം, അതിസാരം, മോഹാലസ്യം, സഹിക്കാന്‍ വയ്യാത്ത തണ്ണീര്‍ദാഹം ഇവ ശമി ക്കും.",അതിസാരം,140,Vaidyamanorama — full-PDF disease/treatment extraction
dt_033,disease_treatment_qa,ഗ്രഹണി ബാധിച്ചാൽ ഗ്രന്ഥപ്രകാരം എന്ത് ചികിത്സയാണ് ചെയ്യേണ്ടത്?,"ക്കും. ഷട്പലകഘൃതം- ശുണ്ഠീഥഗന്ഥികകൃഷ്ണാഗ്നിചവ്യക്ഷാരൈഃ പലോന്മിതെഃ തുല്യക്ഷീരം ഘൃതപ്രസ്ഥം സാധിതം കഫഗുന്മനുല്‍. 28 ഗ്രഹണീപാണ്ഡുകപ്ലീഹശ്വാസകാസജ്വരാപഹം ഏതല്‍ ഷള്‍പലകം നാമ ശോഷോദാവര്‍ത്തനാശക്ൃല്‍. 29 സാരം -- ചുക്ക്‌, കാട്ടുതിപ്പലിവേര്‍, തിപ്പലി, കൊടുവേലിക്കിഴങ്ങ്‌, കാട്ടുമുള കരിന്‍വേര്‍, ചവര്‍ക്കാരം ഇവ ഓരോ പലംവീതം അരച്ചു കലക്കി ഇടങ്ങഴി നെയ്യും ഇടങ്ങഴിപ്പാലും ചേര്‍ത്തു കാച്ചിയെടുത്തു സേവിക്കുക. കഫഗുന്മം, ഗ്രഹണി,",ഗ്രഹണി,121,Vaidyamanorama — full-PDF disease/treatment extraction
dt_034,disease_treatment_qa,പ്രമേഹം രോഗാവസ്ഥയിൽ ഉപയോഗിക്കേണ്ട ഔഷധപ്രയോഗം ഏതാണ്?,"അതിസാരചികിത്സാക്രമം, 179 രുത്‌. അങ്ങനെയുള്ള ഓഷധം കൊടുത്താല്‍ ദോഷങ്ങള്‍ തടഞ്ഞു പ്ലീഹരോഗം, പഠണ്ഡുരോഗം, മേല്‍വയറുവിര്‍പ്പ്‌, പ്രമേഹം, കുഷ്ഠം, മഹോദരം, ജ്വരം, ശരിര ശോഷം, ഗുന്മം, ഗ്രഹണി, അര്‍ശസ്സ്‌, ശൂലം, അലസകമെന്ന രോഗം, ഹൃദ്രോഗം ഇവ ഉണ്ടാകും. അതിസാരത്തില്‍ ഉണ്ടാകുന്ന തണ്ണീര്‍ദാഹത്തിന്‌- ജാതായാം തൃഷ്യതീസാരി മുസ്താപര്‍പ്പടകേന വാ ഫ്രീബേരനാഗരാഭ്യാം വാ വിപക്വം പായയേ(ജ്ജലം). ട്‌ സാരം - തണ്ണിര്‍ദാഹത്തോടുകുടിയ അതിസാരരോഗിക്ക്‌ മുത്തങ്ങയും പര്‍പ്പ ടരകപ്പുല്ലും കൂടിയോ ഇരുവേലിയും ചുക്കും കൂടിയോ പാകം ചെയ്ത ജലം കൊടു ക്കണം. അതിസാരത്തിലെ അന്നപാനാദികല്പന-- ധാന്യഡാഡിമവ്ൃക്ഷാമ്ലയവാനീവിളസൈന്ധവൈ$ ലഘുനാ പഞ്ചമൂലേന പഞ്ചകോലേന പാഠയാ. ടര അന്നപാനയവാഗ്വാദീനേതൈരസ്യ പ്രകല്പയേല്‍. 7 സാരം - ഇവന്ന്‌ കൊത്തമ്പാലരി, മാതളത്തോട്‌, വാളന്‍പുളിവേരിലെ തൊലി, ജീരകം, വിളയുപ്പ്‌, ഇന്തുപ്പ്‌, ചെറിയ പഞ്ചമുലം (ഓരില, മൂവില, കറുത്തചുണ്ട, വെളുത്തചുണ്ട ഇവയുടെ വേര്‍, ഞെരിഞ്ഞില",പ്രമേഹം,179,Vaidyamanorama — full-PDF disease/treatment extraction
dt_035,disease_treatment_qa,രക്തപിത്തം ചികിത്സയ്ക്കായി ഈ ഗ്രന്ഥം നിർദ്ദേശിക്കുന്ന മാർഗം എന്താണ്?,"പിത്തശ്ശേഷ്മഭവജ്വരം. 9 സാരം - കടുകുരോഹിണി, കടുക്ക, മുന്തിരിങ്ങാപ്പഴം, മുത്തങ്ങാക്കിഴങ്ങ്‌, പര്‍പ്പ ടരകപ്പിള്ല്‌, ചുക്ക്‌ ഇവ കഷായം വച്ചു സേവിച്ചാല്‍ പിത്തകഫജമായ ജ്വരം ശമിക്കും. വൃഷച്ഛദരസപ്രയോഗം-- വൃഷപുഷ്പഛദരസഃ ശര്‍ക്കരാമാക്ഷികാമ്പിതഃ പിത്തശ്ശേഷ്മജ്വരം ഹന്തി സാസൃക്പിത്തം സകാമിലം. 70 സാരം - ആടലോടകത്തിന്റെ പുവും ഇലയും കുടി ചതച്ചു നീരെടുത്ത്‌ അതില്‍ പഞ്ചസാരയും തേനും ചേര്‍ത്തു സേവിക്കുക. പിത്തകഫജ്ചരം, രക്തപിത്തം, കാമല ഇവ ശമിക്കും. ൨ കടുകാതിവിഷാ ഖ പാഠഃ",രക്തപിത്തം,28,Vaidyamanorama — full-PDF disease/treatment extraction
dt_036,disease_treatment_qa,ക്ഷയം എന്ന രോഗത്തിന് ഗ്രന്ഥത്തിൽ നിർദ്ദേശിക്കുന്ന ചികിത്സ എന്താണ്?,"‍ യക്ഷരാക്ഷസഭൂതഘ്നം ഗര്‍ഭിണിനാം ച ശസ്യതേ. 192 സാരം - കോലരക്കിന്‍നീരിനു തുല്യം എണ്ണ, എണ്ണയില്‍ നാലിരട്ടി തൈരിന്‍വെള്ളം ഇവ ഒന്നിച്ചുചേര്‍ത്ത്‌ അമുക്കുരം, മഞ്ഞള്‍, ദേവതാരം, അരേ ണുകം, കൊട്ടം, മുത്തങ്ങാക്കിഴ്ങ്‌, ചന്ദനം, പെരുങ്കുരുമ്പവേര്‍, കടുകുരോഹണി, അരത്ത, ശതകുപ്പ, ഇരട്ടിമധുരം ഇവ സമമായി എടുത്ത്‌ അരച്ചു കലക്കി കാച്ചി എടുക്കുക. ഇതിനു ലാക്ഷാദി തൈലം എന്നു പേര്‍. ഇതുകൊണ്ടു തേച്ചുകുളി ച്ചാല്‍ സര്‍വജ്ചരം, ക്ഷയം, ഉന്മാദം, വായുമുട്ടല്‍, അപസ്മാരരോഗം, യക്ഷപിഡ, രാക്ഷസപീഡ, ഭൂതപിഡ ഇവ ശമിക്കും. ഈ തൈലം ഗര്‍ഭിണികള്‍ക്കും നല്ലതാ കുന്നു. പൂതീകാദി ഘൃതം (മഹാഷട്പല ഘൃതം) പുതീകോഷണപഞ്ചകോലരുചകൈഃ സാജാജികൈഃ സാംബുദൈഃ സക്ഷാരാതിവിഷൈസ്സഹിംഗുഹപുഷ്പാ- സിന്ധുദ്ഭവൈഃ കല്ക്കിതൈഃ ശുക്തേനാര്‍ദ്രകസംഭവേന ച രസേനൈത- ന്മഹാഷട്പലം സര്‍പ്പിഃ പക്വമരോചകാഗ്നിസദനപ്തിഹജര- ശ്വാസനുല്‍. 193 സാരം - ആവിത്തൊലി, നല്ലമുളക്‌, പഞ്ചകോലം (തിപ്പലി, കാട്ടുതിപ്പലിവേര്‍, കാട്ടുമുളകിന്‍വേര്‍, കൊടുവേലിക്കിഴങ്ങ്‌, ചുക്ക്‌), മാതളത്തോട്‌, ജീരകം, മുത്തങ്ങാ ക്കിങ്ങ്‌, ചവര്‍ക്കാരം, അതിവിടയം, കായം, അടയ്ക്കാമണിയന്‍വേര്‍, ഇന്തുപ്പ്‌ ഇവ കരല്ക്കമായി നെയ്യും ചുത്തപ്പുളിയും ഇഞ്ചിനീരും ചേര്‍ത്തു കാച്ചി എടുക്കുക. മഹാ",ക്ഷയം,55,Vaidyamanorama — full-PDF disease/treatment extraction
dt_037,disease_treatment_qa,കൃമി രോഗത്തിന്റെ ചികിത്സയായി ഗ്രന്ഥം എന്താണ് പറയുന്നത്?,"പിത്ഥം സവ്യോഷം മധുനാ വാ ദുരാലഭാം അനുകൂലോപചാരേണ യാതി ദ്വിഷ്ടാര്‍ത്ഥജാ ശമം. മ സാരം - വ്ളാങ്കാ മുറിച്ചു ചുക്ക്‌, മുളക്‌, തിപ്പലി, ഇവയുടെ പൊടിയില്‍ ഒപ്പി കടിച്ചു തിന്നുകയോ കൊടുത്തുവവേര്‍ പൊടിച്ച്‌ തേനില്‍ കുഴച്ചു നക്കുകയോ ചെയ്താല്‍ ഛര്‍ദ്ദി ശമിക്കും. മനസ്സിന്‌ അഹിതങ്ങളായ സാധനങ്ങളുടെ ദര്‍ശനം, ,്ലാണം മുതലായവയാല്‍ ഉണ്ടായ ഛര്‍ദ്ദി, മനസ്സിനു ഹിതകരങ്ങളായ വസ്തുക്ക ളുടെ ദര്‍ശനം, (ഘാണം മുതലായവകൊണ്ടു ശമിക്കും. കൃമിജച്ഛര്‍ദ്ദിചികിത്സ-- ക്ൃമിജാ കൃമിഹൃദ്രോഗഗദിതൈശ്ച ഭിഷഗ്ജിതൈഃ യഥാസ്വം പരിശേഷാശ്ച തല്‍കൃതാശ്ച തഥാമയാഃ. 13 സാരം - കൃമിഹൃദ്രോഗത്തിനു പറഞ്ഞിരിക്കുന്ന ചികിത്സ ചെയ്താല്‍ കൃമിജ മായ ഛര്‍ദ്ദി ശമിക്കും. തണ്ണീര്‍ദാഹം, ദഹനക്കേട്‌, ദൌഹൃദം ഇവകൊണ്ടുണ്ടായ ഛര്‍ദ്ദിയും അവകൊണ്ടുണ്ടായ രോഗങ്ങളും അതിനു പറഞ്ഞിരിക്കുന്ന ചികിത്സ ചെയ്താല്‍ ശമിക്കും. വില്ധധാന്യകാദി കഷായം-- വില്വധാന്യകബലാമഹൌഷധൈര്‍- ലാജമുദ്ഗസഹിതൈശ്ശൃതം ജലം ഛര്‍ദ്ദിമാശു പിബതഃ സശര്‍ക്കരം ഹന്തി വാതകഫപിത്തജാമപി. രി സാരം - കുവളത്തിന്‍വേര്‍, കൊത്തമ്പാലരി, കുറുന്തോട്ടിവേര്‍, ചുക്ക്‌, മലര്‍, ചെറുപയറ്‌ ഇവ കഷായം വച്ച്‌ പഞ്ചസാര മേമ്പൊടി ചേര്‍ത്ത്‌ സേവിച്ചാല്‍ ത്രിദോ ഷജമായ ഛര്‍ദ്ദിയും ശമിക്കും.",കൃമി,141,Vaidyamanorama — full-PDF disease/treatment extraction
dt_038,disease_treatment_qa,പീനസം ബാധിച്ചാൽ ഗ്രന്ഥപ്രകാരം എന്ത് ചികിത്സയാണ് ചെയ്യേണ്ടത്?,"ം കൂടി ചേര്‍ത്ത്‌ അതില്‍ കുഴച്ചു നക്കുക. ഹൃദ്രോഗം, ചുമ ഇവ ശമിക്കും. ദാഡിമാദി ചൂര്‍ണ്ണം-- ദ്വേ പലേ ദാഡിമാദഷ്ട ഗുഡാദ്ധ്യോഷാല്‍ പലത്രയം രോചനം ദീപനം സ്വര്യം പീനസശ്വാസകാസജില്‍. [ സാരം -- മാതളത്തോടു രണ്ടുപലം, ചുക്ക്‌, മുളക്‌, തിപ്പലി ഇവ ഓരോ പലം എല്ലാംകൂടി പൊടിച്ചു എട്ടു പലം ശര്‍ക്കരചേര്‍ത്തു ലേഹമാക്കി വച്ചിരുന്ന്‌ ഉപയോ ഗിക്കുക. ഈ ചൂര്‍ണ്ണം രൂചിയേയും ദീപനത്തേയും ഉണ്ടാക്കുന്നതും സ്വരത്തെ നന്നാ ക്കുന്നതും പീനസം, വായുമുട്ടല്‍, ചുമ ഇവയെ നശിപ്പിക്കുന്നതും ആകുന്നു. ഗുഡക്ഷാരാദി യോഗം-- ഗുഡക്ഷാരോഷണകണാഡാഡിമം ശ്വാസകാസജില്‍ ക്രമാല്‍ പലദ്വയാര്‍ദ്ധാക്ഷകര്‍ഷാക്ഷാര്‍ദ്ധപലോന്മിതം. നദ",പീനസം,87,Vaidyamanorama — full-PDF disease/treatment extraction
dt_039,disease_treatment_qa,കാമല രോഗാവസ്ഥയിൽ ഉപയോഗിക്കേണ്ട ഔഷധപ്രയോഗം ഏതാണ്?,"പ്രമേഹചികിത്സാക്രമം 233 കതകാമലകാദി കഷായം-- കതകാമലകഹരിദ്രാകിംശുകവല്‍ക്കാഭയാവിദുലൈഃ മധുമധുരോ നിര്യൂഹോ മധുമേഹസ്യാപി മദദമനഃ. 30 സാരം - തേറ്റാമ്പരല്‍, നെല്ലിക്കാത്തോട്‌, മഞ്ഞള്‍, മുരിക്കന്‍തൊലി, കടുക്കാ ത്തോട്‌, കാനാഞ്ചി ഇവകൊണ്ടുള്ള കഷായം തേന്‍ മേമ്പൊടി ചേര്‍ത്തു സേവി ച്ചാല്‍ മധുമേഹവും മറ്റു ്രമേഹങ്ങളും ശമിക്കും. ഗുളൂച്യാദി ക്വാഥം- ഗുളുച്യാമലകക്ചാഥോ മധ്വാഡ്ട്യോ മേഹനുല്‍ പരം തൃഷ്ണാദാഹപ്രശമനോ ജ്രാരുചിവിനാശനഃ 331 സാരം - അമൃതും നെല്ലിക്കാത്തോടും കൂടി കഷായം വെച്ച്‌ അതില്‍ തേന്‍ മേമ്പൊടി ചേര്‍ത്തു സേവിച്ചാല്‍ തണ്ണീര്‍ദാഹം, ചുട്‌, ജ്വരം, അരുചി ഇവ ശമിക്കും. ഖദിര്രതിഫലാദി ചൂര്‍ണ്ണം--- ഖദിര്രതിഫലാകുലീനിശാംഭഃ- പരിപിഷ്ടം ഗിരിജം ത്വയര്‍പ്രലിപ്തം മധുനാ പരിചൂര്‍ണ്യ സേവിതാരം നരമാക്രാമതി ന പ്രമേഹസേനാ. 32 സാരം - കരിങ്ങാലിക്കാതല്‍, ത്രിഫലത്തോട്",കാമല,233,Vaidyamanorama — full-PDF disease/treatment extraction
dt_040,disease_treatment_qa,ഹൃദ്രോഗം ചികിത്സയ്ക്കായി ഈ ഗ്രന്ഥം നിർദ്ദേശിക്കുന്ന മാർഗം എന്താണ്?,"ച്ചാല്‍ കിട്പോട്ടുള്ള രക്തപിത്തം ശമിക്കും. ദുരാലഭായാഃ ക്വാഥസ്തു രക്തപിത്തനിബര്‍ഹണഃ. 3 സാരം - കൊടിത്തുവവേരുകൊണ്ടുള്ള കഷായം രക്തപിത്തഹരമാണ്‌. വാശാദി-- വാശാച്ഛിന്നരുഹാക്വാഥഃ സകൃഷ്ണഃ സസിതാമധുഭ ശോണിതോദ്ഗാരഹൃല്‍കാസക്ഷയഘ്നഃ സ്വരകൃല്‍ പരം. ദക സാരം - ആടലോടകത്തിന്‍വേര്‍, അമൃതു പടം കളഞ്ഞ്‌ ഇവകൊണ്ടുള്ള കഷായം തിപ്പലിപ്പൊടിയും പഞ്ചസാരയും തേനും മേമ്പൊടി ചേര്‍ത്തു സേവിച്ചാല്‍ രക്തത്തിന്റെ ചുവയോടുകുടിയ തികട്ടല്‍, ഹൃദ്രോഗം, കാസം, ക്ഷയം ഇവയെ ഹനി ക്കുന്നതും ഏറ്റവും സ്വരത്തിനു ശുദ്ധിയെ ഉണ്ടാക്കുന്നതുമാകുന്നു. ചന്ദനാദി-- ക്വാഥശ്ചന്ദനവിലാബ്ദപര്‍പ്പടോശീരസാധിതഃ ആശു പിത്താസൃജം ഹന്യാദൂര്‍ദ്ധ്ഗം ചാപ്യധോഗതം. 35 സാരം - ചന്ദനം, കുവളത്തിന്‍വേരിന്മേല്‍തൊലികളഞ്ഞ്‌, മുത്തങ്ങാക്കിഴങ്ങ്‌ മൊരികളഞ്ഞ്‌, പര്‍പ്പടകപ്പിള്ല്‌, രാമച്ചം ഇവ കഷായം വച്ചു സേവിക്കുക. മേല്പോട്ടും കരിട്പോട്ടും ഉള്ള രക്തപിത്തം വേഗത്തില്‍ ശമിക്കും. വടശ്യംഗാദി--. വടശ്യംഗോത്പലമധുക- ദ്രാക്ഷാമോചേക്ഷുകാഷ്മര്യഃ പത്മജകേസരസഹിതൈഃ സസിതാമധു രക്തജിത്പാക്യം. 36 സാരം - പേരാലിന്‍മൊട്ട്‌, ചെങ്ങഴിനീര്‍ക്കിഴങ്ങ്‌, ഇരട്ടിമധുരം, മുന്തിരിങ്ങാപ്പ ൭൦ കുരുകളഞ്ഞ്‌, ഇലവിന്‍പശ, നീലക്കരിമ്പിന്‍വേര്‍, കുമ്പിളിന്‍വേരിന്മേല്‍തൊലി കളഞ്ഞ്‌, താമരയല്ലി ഇവ കഷായം വച്ച്‌ ആറിയാല്‍ പഞ്ചസാരയും തേനും മേ",ഹൃദ്രോഗം,69,Vaidyamanorama — full-PDF disease/treatment extraction
dt_041,disease_treatment_qa,അഗ്നിമാന്ദ്യം എന്ന രോഗത്തിന് ഗ്രന്ഥത്തിൽ നിർദ്ദേശിക്കുന്ന ചികിത്സ എന്താണ്?,"ജരചികിത്സാ്രമം 35 ഏഷാം കഷായശ്സനാഗ്നിസാദ-- ശോഫാരുചിഘ്നോ ജരസൂദനശ്ച. 99 സാരം - മുത്തങ്ങാക്കിഴങ്ങ്‌, അമൃത്‌, ദേവതാരം, ചെറുതേക്കിന്‍വേര്‍, ചെറുവ ഴൂതിനവേര്‍, തിപ്പലി, പുഷ്കരമൂലം, ചുക്ക്‌ ഇവകൊണ്ടുള്ള കഷായം വായുമുട്ടല്‍, അഗ്നിമാന്ദ്യം, ശോഫം, അരുചി, ജ്വരം ഇവയെ നശിപ്പിക്കും. ദ്രാക്ഷാദി ഘൃതം-- ്രാക്ഷാസിദ്ധം പിബേല്‍ സര്‍പ്പിര്‍ബ്ദലയാ മധുകേന വാ ഫല്ര്രയേണ വാ സര്‍പ്പിര്‍ഗുളൂച്യാ വാ ജ്വരാപഹം. 100 സാരം - മൂുന്തിരിങ്ങാപ്പഴം, കുറുന്തോട്ടിവേര്‍, ഇരട്ടിമധുരം, ശ്രിഫലത്തോട്‌, അമ്യ ത്‌ ഇവയില്‍ ഏതെങ്കിലും ഒരെണ്ണം കല്ക്കമാക്കി കാച്ചിയെടുത്ത നെയ്യ്‌ ലരത്തെ ശമിപ്പിക്കും. നിദിഗ്ദ്ധികാദി--. നിദിഗ്ദ്ധികാതാമലകീത്രായമാണാകലിംഗകൈഃ കൃഷ്ണാംശുമത്യതിവിഷാകടുകാസേവ്യചന്ദനൈഃ. 101 ധാത്രീവില്വഘന്രദാക്ഷാശാരിബാഭിശ്ച സാധിതം ഹന്തി സദ്യോ ജരം കാസം ഘൃതം ശ്വാസം ഹലീമകം. 102. അരുചിം വിഷമം വഹ്നിം യക്ഷ്മാണഞ്ച നവോത്ഥിതം സാരം - ചെറുവഴുതിനവേര്‌, കിഴുകാനെല്ലി, (്ര്മി, കുടകപ്പാലയരി, തിപ്പലി, ഓരിലവേര്‍, അതിവിടയം, കടുകുരോഹിണി, രാമച്ചം, ചന്ദനം, നെല്ലിക്കാത്തോട്‌, കരൂവളത്തിന്‍വ",അഗ്നിമാന്ദ്യം,35,Vaidyamanorama — full-PDF disease/treatment extraction
dt_042,disease_treatment_qa,ശോഫം രോഗത്തിന്റെ ചികിത്സയായി ഗ്രന്ഥം എന്താണ് പറയുന്നത്?,"ഇലവര്‍ങത്തൊലി, പച്ചില ഇവ ഒന്നരശ്ശു കഴഞ്ച്‌, തിപ്പലി 6 കഴഞ്ച്‌, പഞ്ചസാര, മൂന്തിരിങ്ങാപ്പഴം, ഇരിപ്പപ്പുവ്‌, ഈന്തപ്പഴം ഇവ ഓരോ പലം ഇവയില്‍ പൊടിക്കേണ്ട മരുന്നുകള്‍ എല്ലാം പൊടിച്ച്‌ ഒന്നിച്ച്‌ തേനും ചേര്‍ത്തു ഗുളികയാക്കി വച്ചിരുന്നു ഉപയോഗിക്കുക. ഈ ഗുളിക ഏറ്റവും ശുക്ലവൃദ്ധികരവും, രക്തപിത്തം, ചുമ, വായുമൂട്ടല്‍, അരുചി, ഛര്‍ദ്ദി, മോഹാലസ്യം, ഇക്കിള്‍, മദം, തല തിരിച്ചില്‍, ക്ഷതം, ക്ഷയം, സ്വരസാദം, പ്ലീഹരോഗം, ശോഫം, ആഷ്യയവാതം, രക്തം തുപ്പുക, ഹൃദയവേദന, പാര്‍ശ്വവേദന, തണ്ണിര്‍ദാഹം, ജരം ഇവയെ നശിപ്പിക്കു ന്നതും ആകുന്നു. രക്തേ/തിവ്യത്തേ ഛാഗം വാ ജാങ്ഗലം വാ പിബേദസൃക്‌ സാരം - ഉരുക്ഷതത്തില്‍ രക്തം തുപ്പുന്നതു നിന്നില്ലെങ്കില്‍ ആട്ടിന്‍ചോരയോ ജാംഗലചാരികളായ ജന്തുക്കളുടെ ചോരയോ പാനം ചെയുണം. മഞ്ജിഷ്ഠാദി ചൂര്‍ണ്ണം മഞ്ജിഷ്ഠാഞ്ജനലോഡ്രൈലാപാഠാ യഷ്ടീ കണാ നിശാ തച്ചൂര്‍ണ്ണം ക്ഷതകാസഘ്നം സക്ഷ്രദം വാ കണാരജുഃ. മ സാരം - മഞ്ചട്ടിപ്പൊടി, അഞ്ജനക്കല്ല്‌, പാച്ചോറ്റിത്തൊലി, ഏലത്തരി, പാട",ശോഫം,91,Vaidyamanorama — full-PDF disease/treatment extraction
dt_043,disease_treatment_qa,ഉന്മാദം ബാധിച്ചാൽ ഗ്രന്ഥപ്രകാരം എന്ത് ചികിത്സയാണ് ചെയ്യേണ്ടത്?,"ജരചികിത്സാ്രമം 33 വിഡ്ബന്ധമൂര്‍ച്ചാശ്രമസംയുതേ ച ജ്വരേ/രസപിത്തേ പ്രദരേ/ ക്ഷിരോഗേ. 89 സാരം -- പുത്തരിച്ചുണ്ടവേര്‍ അരച്ച്‌ മുലപ്പാലില്‍ കലക്കി പഞ്ചസാരയും ചേര്‍ത്തു സേവിച്ചാല്‍ തണ്ണിര്‍ദാഹം, തലതിരിച്ചില്‍, സര്‍വാംഗസന്താപം, മലബ ന്ധം, മോഹാലസ്യം, ഉന്മാദം ഇവയോടുകുടിയ ജ്വരവും രക്തപിത്തവും, ്രദരവും, ന്വേതരോഗവും ശമിക്കും. മൃദ്ധീകാദി നസ്യം- മൃദ്ധികാമധുകമധുകപിപ്പലീഭിഃ ഖര്‍ജുരൈര്‍മ്മലയജ ശാരിബാജലാബ്ദൈഃ! സ്തന്യേക്ഷുസ്വരസസിതാമധുപ്രഗാഡൈര്‍- നസ്യം സ്യാദഭിനവചിത്തവി(്രമേഷു. 90 സാരം - മൂന്തിരിങ്ങാപ്പഴം, ഇരട്ടിമധുരം, ഇരിപ്പക്കാതല്‍, തിപ്പലി, ചിറ്റിന്തല്‍വേ ്‌, ചന്ദനം, നറുനീണ്ടിക്കിഴ്ങ്‌, ഇരുവേലി, മുത്തങ്ങാക്കിഴങ്ങ്‌ ഇവ അരച്ചു മുല പ്ലാലും കരിമ്പിന്‍നീരുംകുടി യോജിപ്പിച്ച്‌ അതില്‍ കലക്കി അരിച്ച്‌ പഞ്ചസാരയും തേനും ചേര്‍ത്തു നസ്യം ചെയ്താല്‍ പെട്ടെന്നുണ്ടായ ഉന്മാദം ശമിക്കും. ത്ര്യൂഷണാദി നസ്യം-- ത്യൂഷണം നാഗകുസുമം സൈന്ധവം സമഭാഗികം കഫോത്ഥസന്നിപാതേഷു സ്തന്യേന സഹ യോജയേല്‍. 91 സാരം - ചുക്കു മുളകു തിപ്പലി, നാഗപ്പുവ്‌, ഇന്തുപ്പ്‌ ഇവ സമാംശമായി എടുത്തു മുലപ്പാലില്‍ അരച്ച്",ഉന്മാദം,33,Vaidyamanorama — full-PDF disease/treatment extraction
dt_044,disease_treatment_qa,അപസ്മാരം രോഗാവസ്ഥയിൽ ഉപയോഗിക്കേണ്ട ഔഷധപ്രയോഗം ഏതാണ്?,"64 സിദ്ധപുതേ സിതാക്ഷയ്രദം ്വിപ്രസ്ഥം വിനയേല്‍ തതഃ യക്ഷ്മാപസ്മാരപിത്താസ്യ-- ക്കാസമോഹക്ഷയാപഹം ടട വയഃസ്ഥാപനമായുഷ്യം മാംസശുക്ലബല്്രദം. സാരം - നെല്ലിക്ക, പാല്‍മുതക്കിന്‍കിഴങ്ങ്‌, ചെറുകരിമപ്‌, ജീവനിയഗണം ഇവ യുടെ രസത്തില്‍ ഇടങ്ങഴി പശുവിന്‍പാലും ഇടങ്ങഴി ആട്ടിന്‍പാലും ചേര്‍ത്തു നെയ്യു കാച്ചി എടുത്ത്‌ ആറിയാല്‍ ഇടങ്ങഴി (16 പലം) പഞ്ചസാരയും ഇടങ്ങഴി തേനും ചേര്‍ത്തു വച്ചിരുന്ന്‌ സേവിക്കുക. ഈ ഘൃതം രാജയക്ഷ്മാവ്‌, അപസ്മാരം, രക്ത പിത്തം, ചുമ, മോഹാലസ്യം, ക്ഷയം ഇവയെ ശമിപ്പിക്കുന്നതും, യയവനത്തെ നില നിര്‍ത്തുന്നതും, ആയുഴപ്രദവും മാംസം, ശുക്ലം, ബലം ഇവയെ പ്രദാനം ചെയ്യു ന്നതും ആകുന്നു. പിപ്പലീമധുകാദി ലേഹം-- പിപ്പലി മധുകം പിഷ്ടം കാര്‍ഷികം സസിതോപലം പ്രാസ്ഥികം ഗവ്യമാജം ച ക്ഷീരമിക്ഷുരസം തഥാ. 66 യവഗോധുമമൃദ്ധീകാചൂര്‍ണ്ണമാമലകാ്ദസഃ തൈലം ച പ്രസൃതാംശാനി തല്‍ സര്‍വം മൃദുനാഗ്നിനാ. 67 പചേല്ലേഹോ ഘൃതക്ഷന്രദയുക്തസ്സ ക്ഷതകാസഹാ ശ്വാസഹൃദ്രോഗകാസഘ്‌നോ ഹിതോ വൃദ്ധാല്പരേതസാം. 68 സാരം - തിപ്പലി, ഇരട്ടിമധുരം, കലിക്കണ്ടം ഇവ 3 കഴഞ്ചുവിതം, യവം, ഗോത പ, മുന്തിരിങ്ങാപ്പഴം ഇവ രണ്ടു പലംവിതം, എല്ലാംകൂടി പൊടിച്ചു പശുവിന്‍പാല്‍,",അപസ്മാരം,99,Vaidyamanorama — full-PDF disease/treatment extraction
dt_045,disease_treatment_qa,വാതരോഗം ചികിത്സയ്ക്കായി ഈ ഗ്രന്ഥം നിർദ്ദേശിക്കുന്ന മാർഗം എന്താണ്?,"ക്‌, മുളകു, തിപ്പലി, ചെറുതേക്ക്‌, മുത്തങ്ങാക്കിഴ ഒ, ചെറുവഴുതിനവേര്‍, ആടലോടകത്തിന്‍വേര്‍ ഇവകൊണ്ടുള്ള കഷായം പീന സം, അരുചി, നെഞ്ചുരുക്കം, ശ്വാസം, കണ്ഠരോഗം ഇവയെ ശമിപ്പിക്കും. ശുണ്ഠ്യാദി ക്വാഥം- ശുണ്ഠീലശുനനിര്യൂഹം ഹിംഗുസൈന്ധവചൂര്‍ണ്ണിതം ഹിധ്മാശ്വാസപ്രതിശ്യായശൂലവാതാമയീ പിബേല്‍. 5 സാരം - ചുക്ക്‌, വെളുത്തുള്ളി ഇവ കഷായം വച്ച്‌ കായവും ഇന്തുപ്പും മേമ്പൊ ടി ചേര്‍ത്തു സേവിക്കുക. ഇക്കിള്‍, ശ്വാസം, പിനസം, ശൂലം, വാതരോഗം ഇവ ശമി ക്കും. ഭരാക്ാദി ചൂര്‍ണ്ണം-- ദ്രാക്ഷാശുണ്ഠീപിപ്പലീകോലമജ്ജാ- ചൂര്‍ണ്ണം ലിഹ്യാന്മാക്ഷികേണാശു ഹന്തി ഹിക്കാം ശുണ്ഠീമാക്ഷികാഭ്യാം പ്രയുക്തം ധാത്ര്യാസ്തോയം വാ കപിത്ഥസ്യ തദ്വല്‍. 6 സാരം - ചുക്ക്‌, തിപ്പലി, ലന്തക്കുരുവിന്റെ മജ്ജ ഇവ പൊടിച്ചു മുന്തിരിങ്ങാപ്പ ഴവും തേനും ചേര്‍ത്തു യോജിപ്പിച്ച്‌ ലേഹനം ചെയ്യുകയോ നെല്ലിക്കാത്തോടുകൊ ണ്ടുള്ള കഷായമോ വ്ളാങ്കായുടെ കഷായമോ ചുക്കിന്‍പൊടിയും തേനും മേമ്പൊടി ചേര്‍ത്തു സേവിക്കുകയോ ചെയ്താല്‍ ഇക്കിള്‍ ശമിക്കും. ശുണ്ഠ്യാദി ചൂര്‍ണ്ണം-- ശുണ്ഠീകണാഭയാധാത്രീചൂര്‍ണ്ണം വാ പിഞ്ഛഭസ്മനാ ഹിധ്മാവാന്‍ മധുനാ ലിഹ്യാദപാമാര്‍ഗ്ഗഫലാദ്രസഃ. ന",വാതരോഗം,108,Vaidyamanorama — full-PDF disease/treatment extraction
dt_046,disease_treatment_qa,ഭഗന്ദരം എന്ന രോഗത്തിന് ഗ്രന്ഥത്തിൽ നിർദ്ദേശിക്കുന്ന ചികിത്സ എന്താണ്?,"ല്‍, അയമോദകം, കടുക്കാത്തോട്‌, തിപ്പലി, കാട്ടുതിപ്പലിവേര്‍, കൊടുവേലിക്കിഴങ്ങ്‌, അത്തിത്തിപ്പലി ഇവ മുമ്മൂന്നു കഴഞ്ചി, എല്ലാം കുടിയടത്തോളവും ്രികോല്പക്കൊന്ന, ചുക്ക്‌ ഒരു പലം എല്ലാം കൂടി പൊടിച്ച്‌ മ പലം ശര്‍ക്കര ചേര്‍ത്ത്‌ ഇടിച്ച്‌ ദ കഴഞ്ച്‌ വിതം ഗുളികയാക്കിവച്ചി രുന്ന്‌ രാവിലെ ഭക്ഷിക്കുക. ഇരുപുറത്തുമുണ്ടാകുന്ന വേദന, ഉദാവര്‍ത്തം, വാതഗു ന്മം, പ്ലീഹോദരം, ഹൃദ്രോഗം, ്രഹണിീദോഷം, ക്ഷതക്ഷിണം, ജഠരാഗ്നിക്ഷയം, ഭഗന്ദരം, മുത്രകൃശഛം, വിശേഷിച്ച്‌ അര്‍ശസ്സ്‌ ഇവ ശമിക്കും. മാര്‍ക്കണ്ഡേയനാല്‍ ഉണ്ടാക്കപ്പെട്ട ഈ വിരേചനിഗുളിക സന്ദര്യത്തേയും നിറത്തേയും ബലത്തേയും പ്രദാനം ചെയ്യുന്നതാകുന്നു. ഉദാവര്‍ത്തഹരയോഗങ്ങള്‍-- ഉദാവര്‍ത്തേ പ്രയോക്തവ്യദഃ ക്ഷാരഃ കല്യാണകാഫ്വയഃ സര്‍വം ച കൂര്യാദ്യല്‍ പ്രോക്ത- മര്‍ശസാം ഗാഡവര്‍ച്ചസാം. 60 ഇതി വൈദ്യമനോരമായാം ചികിത്സ്ര്രമേ അര്‍ശശ്ചികിത്സ്ര്രമോ നാമ ദശമോ/ദ്ധ്യായഃ സാരം - കല്യാണക്ഷാരവും മലബന്ധമുള്ള അര്‍ശസ്സുകള്‍ക്കു പറഞ്ഞിരിക്കുന്ന ചികിത്സയും ഉദാവര്‍ത്തത്തില്‍ പ്രയോഗിക്കാം. ഇങ്ങനെ വൈദ്യമനോരമ എന്ന ചികിത്സാ്രമത്തില്‍ അര്‍ശശ്ചികിത്സിതമെന്ന പത്താമദ്ധ്യായം കഴിഞ്ഞു.",ഭഗന്ദരം,177,Vaidyamanorama — full-PDF disease/treatment extraction
dt_047,disease_treatment_qa,ശിരോരോഗം രോഗത്തിന്റെ ചികിത്സയായി ഗ്രന്ഥം എന്താണ് പറയുന്നത്?,"ൈലം- നിര്‍ഗുണ്ഡ്യാ രസപാത്രേ തു തൈലപ്രസ്ഥം വിപാചയേല്‍ [] ത്രിഗന്ധവ്യോഷവര്‍ഷാഭുജീരകദ്യസൈന്ധവൈഃ മയൂരബിജസഹിതൈരജാക്ഷീരേണ തദ്ര്ദുതം 0 നസ്യാഭ്യംഗാച്ഛിരഃകര്‍ണ്ണനാസാമയഹരം പരം. സാരം - നാലിടങ്ങഴി കരിനൊച്ചിയിലയുടെ നീരില്‍ ത്രിഗന്ധം (ഏലത്തരി, ഇലവര്‍ബത്തൊലി, പച്ചില) ചുക്ക്‌, മുളക്‌, തിപ്പലി, തഴുതാമവേര്‍, ജീരകം, കരി ഞ്ജീരകം, ഇന്തുപ്പ്‌, ചെറുകടലാടിയരി ഇവ കല്ക്കമായി ആട്ടിന്‍പാലും ചേര്‍ത്തു കാച്ചിയെടുത്ത തൈലം ശിരോരോഗം, കര്‍ണ്ണരോഗം, നാസാരോഗം ഇവയെ ശമി പ്പിക്കും.",ശിരോരോഗം,414,Vaidyamanorama — full-PDF disease/treatment extraction
dt_048,disease_treatment_qa,കണ്ഠരോഗം ബാധിച്ചാൽ ഗ്രന്ഥപ്രകാരം എന്ത് ചികിത്സയാണ് ചെയ്യേണ്ടത്?,"ം, കച്ചോലം, കടുക്കാത്തോട്‌ ഇവ കല്ക്കമായി തൈരിന്‍വെള്ളവും ചേര്‍ത്തു നെയ്യു കാച്ചി സേവിക്കുക. ശ്വാസം, ഇക്കിള്‍ ഇവ ശമിച്ച്‌ സുഖമുണ്ടാകും. അഭയാദി കഷായം-- അഭയാവ്യോഷഭാര്‍ങ്ഗ്യബ്ദവ്യാധ്ലീവാശാശൃതം ജലം പിനസാരുചിഹ്യല്ലാസശ്വാസകണ്ഠാമയാപഹം. മ സാരം - കടുക്കാത്തോട്‌, ചുക്ക്‌, മുളകു, തിപ്പലി, ചെറുതേക്ക്‌, മുത്തങ്ങാക്കിഴ ഒ, ചെറുവഴുതിനവേര്‍, ആടലോടകത്തിന്‍വേര്‍ ഇവകൊണ്ടുള്ള കഷായം പീന സം, അരുചി, നെഞ്ചുരുക്കം, ശ്വാസം, കണ്ഠരോഗം ഇവയെ ശമിപ്പിക്കും. ശുണ്ഠ്യാദി ക്വാഥം- ശുണ്ഠീലശുനനിര്യൂഹം ഹിംഗുസൈന്ധവചൂര്‍ണ്ണിതം ഹിധ്മാശ്വാസപ്രതിശ്യായശൂലവാതാമയീ പിബേല്‍. 5 സാരം - ചുക്ക്‌, വെളുത്തുള്ളി ഇവ കഷായം വച്ച്‌ കായവും ഇന്തുപ്പും മേമ്പൊ ടി ചേര്‍ത്തു സേവിക്കുക. ഇക്കിള്‍, ശ്വാസം, പിനസം, ശൂലം, വാതരോഗം ഇവ ശമി ക്കും. ഭരാക്ാദി ചൂര്‍ണ്ണം-- ദ്രാക്ഷാശുണ്ഠീപിപ്പലീകോലമജ്ജാ- ചൂര്‍ണ്ണം ലിഹ്യാന്മാക്ഷികേണാശു ഹന്തി ഹിക്കാം ശുണ്ഠീമാക്ഷികാഭ്യാം പ്രയുക്തം ധാത്ര്യാസ്തോയം വാ കപിത്ഥസ്യ തദ്വല്‍. 6 സാരം - ചുക്ക്‌, തിപ്പലി, ലന്തക്കുരുവിന്റെ മജ്ജ ഇവ പൊടിച്ചു മുന്തിരിങ്ങാപ്പ ഴവും തേനും ചേര്‍ത്തു യോജിപ്പിച്ച്‌ ലേഹനം ചെയ്യുകയോ നെല്ലിക്കാത്തോടുകൊ ണ്ടുള്ള കഷായമോ വ്ളാങ്കായുടെ കഷായമോ ചുക്കിന്‍പൊടിയും തേനും മേമ്പൊടി ചേര്‍ത്തു സേവിക്കുകയോ ചെയ്താല്‍ ഇക്കിള്‍ ശമിക്കും.",കണ്ഠരോഗം,108,Vaidyamanorama — full-PDF disease/treatment extraction
dt_049,disease_treatment_qa,പ്രതിശ്യായം രോഗാവസ്ഥയിൽ ഉപയോഗിക്കേണ്ട ഔഷധപ്രയോഗം ഏതാണ്?,"364 വൈദ്യമനോരമ ഷഡ്വിംശോ/ദ്ധ്യായഃ ഉരഃക്ഷതാദി ചികിത്സാക്രമം ഉരുക്ഷതലക്ഷണം- മിത്ഥ്യാഹാരവിഹാരേണാപ്യുരസ്ഥാഃ കുപിതാ മലാഃ രക്തം പുരസ്സരികൃത്യ ഉരശ്ലോഷം തമാവഹേല്‍ | കാസശ്വാസ്രപ്രതിശ്യായപീനസാദീനുപ്രദവാന്‍ യക്ഷ്മൈകദേശം രോഗം തമുരഃക്ഷതമിതീരിതം [) സാരം - അപത്ഥ്യങ്ങളായ ആഹാരവിഹാരങ്ങളെക്കൊണ്ടു ഉരസ്സില്‍ സ്ഥിതി ചെയ്യുന്ന ദോഷങ്ങള്‍ കോപിച്ചു രക്തത്തെ പ്രധാനമാക്കി ഉരശ്ലോഷത്തേയും ചുമ, ശ്വാസം, പീനസം, പ്രതിശ്യായം മുതലായ ഉപ്രദവങ്ങളേയും ഉണ്ടാക്കും. രാജയ ക്ഷ്മാവിന്റെ ഒരു വകഭേദമായ ആ രോഗത്തെ ഉരഃക്ഷതമെന്നു പറയുന്നു. ഉരഃക്ഷതചികിത്സ- തൈലം ലാക്ഷാദികം യോജ്യം ലാക്ഷാചൂര്‍ണ്ണം തഥൈവ ച ലാക്ഷാകഷായസംസിദ്ധമുരഃക്ഷതഹരം ഘൃതം ദ വിലവമുലബലാലാക്ഷാലാജസിദ്ധം പയോ ഹിതം സാരം - ലാക്ഷാദി തൈലവും, കോലരക്കിന്‍ചുര്‍ണവും, ലാക്ഷാകഷായത്തില്‍ പാകം ചെയ്തെടുത്ത നെയ്യും, കുവളത്തിന്‍വേര്‍, കുറുന്തോട്ടിവേര്‍, കോലരക്ക്‌, മലര്‍ ഇവ കൊണ്ടുണ്ടാക്കിയ പാല്‍ക്കഷായവും ഉരഃക്ഷതത്തെ ശമിപ്പിക്കും. സ്ഥൂലചികിത്സ വരാസനാദി കഷായം-- വരാസനാഗ്്യയഃപ്രതനിശാക്വാഥോ മധുപ്ളുതഃ ദ്ിരദസ്ഥൂലദേഹോ/പി പിബന്മാസാല്‍ കൃശോ ഭവേല്‍. [! സാരം - ത്രിഫലത്തോട്‌, വേങ്ങക്കാതല്‍, കൊടുവേലിക്കിഴങ്ങ്‌, ഇരുമ്പിന്‍തകി ട്‌, മഞ്ഞള്‍ ഇവ കൊണ്ടുള്ള കഷായം തേന്‍ മേമ്പൊടി ചേര്‍ത്ത്‌ സേവിച്ചാല്‍",പ്രതിശ്യായം,364,Vaidyamanorama — full-PDF disease/treatment extraction
dt_050,disease_treatment_qa,സന്നിപാതം ചികിത്സയ്ക്കായി ഈ ഗ്രന്ഥം നിർദ്ദേശിക്കുന്ന മാർഗം എന്താണ്?,"പാതേഷു സ്തന്യേന സഹ യോജയേല്‍. 91 സാരം - ചുക്കു മുളകു തിപ്പലി, നാഗപ്പുവ്‌, ഇന്തുപ്പ്‌ ഇവ സമാംശമായി എടുത്തു മുലപ്പാലില്‍ അരച്ച്‌ അരിച്ചതിനുശേഷം നസ്യം ചെയ്യുക. കഫജമായ സന്നിപാതം ശമിക്കും. ദേവദാര്‍വാദി-- ദേവതാരു നതം കുഷ്ഠം മധുകം ചന്ദനദ്വയം പിഷ്ട്വാ സ്തന്യേന ലുളിതം വാതസന്നികുലാന്തകം. 92 സാരം - ദേവതാരം, തകരം, കൊട്ടം, ഇരട്ടിമധുരം, ചന്ദനം, രക്തചന്ദനം ഇവ മുലപ്പാലില്‍ അരച്ച്‌ അതുകൊണ്ടു നസ്യം ചെയ്യുക. വാതജമായ സന്നിപാതം ശമിക്കും. കാലാശ്ൃംഗാദി- കാലാശ്ൃംഗേണ രുദ്രാക്ഷം ൨ ശാരിബാബ്ദലാജൈഃ (ഖ)",സന്നിപാതം,33,Vaidyamanorama — full-PDF disease/treatment extraction
dt_051,disease_treatment_qa,വിഷം എന്ന രോഗത്തിന് ഗ്രന്ഥത്തിൽ നിർദ്ദേശിക്കുന്ന ചികിത്സ എന്താണ്?,"ദ്വിഗുണം വ്യോഷം ഗുഞ്ജാപ്ര്രരസേന തു. 185 രാമബാണമിതി ഖ്യാതം സര്‍വജരവിമോക്ഷണം സാരം - രസം, ഗന്ധകം, വത്സനാഭി ഇവ സമഭാഗം, ഇവ മൂന്നുംകുടിയിടത്തോളം ഉമ്മത്തിന്‍കുരു, നാലും കൂടിയതിന്റെ ഇരട്ടി ചുക്കു മുളകു തിപ്പലി, എല്ലാംകൂടി കുന്നിയിലയുടെ നീരില്‍ അരച്ചു ഗുളികയാക്കുക. രാമബാണമെന്നു വിഖ്യാതമായ ഈ ഗുളിക എല്ലാ ജരത്തേയും ശമിപ്പിക്കും. സൂര്യപ്രഭാ ഗുളിക-- സുതം ഗന്ധകരാമഠം വരകടും കൃത്വാ യവാനീസമം സര്‍വം ഷോഡശഭാഗമ്ര്ര ച വിഷം ജംഭാ'്രവേ മര്‍ദ്ദയേല്‍. ഗുഞ്ജാമാത്രനിബദ്ധശുഷ്ക്കഗുളികാ ശൂലാപഹ്ന്ത്രീ പരം കാസശ്വാസഹരീ മഹാജ്ചരഹരീ നാമ്നാതു സൂര്യപ്രഭ. 186 സാരം -- രസം, ഗന്ധകം, കായം, ത്രിഫല, ചുക്കു മുളകു തിപ്പലി, ജീരകം ഇവ സമാംശം, ഇവയെല്ലാം കൂടിയതിന്റെ 16-ല്‍ ഒരു ഭാഗം വത്സനാഭി എല്ലാം കൂടി ചെറുനാരങ്ങാനിരില്‍ അരച്ചു കുന്നിപ്രമാണം ഗുളികയുരുട്ടി നിഴലില്‍ ഉണക്കി എടു ക്കുക. സൂര്യപ്രഭ എന്നു പേരോടുകൂടിയ ഈ ഗുളിക ഏറ്റവും ശുലയെ നശിപ്പിക്കു ന്നതുകുടാതെ, ചുമ, വായുമുട്ടല്‍, വലിയ ജ്വരം ഇവയേയും ശമിപ്പിക്കും. ഭാര്‍ങ്ഗീപുഷ്കരമുലാദി കഷായം-- ഭാര്‍ങ്ഗീ പുഷ്ക്കരമൂലം ച പത്ഥ്യാപര്‍പ്പടതോയദം നാഗരം ദശമൂലം ച പിപ്പലീം ചാപ്സു സാധയേല്‍ സന്നിപാതങ്ചരം ഹന്തി വിഷമം ശീതികാം തഥാ. 188 കാസശ്വാസാഗ്നിസദനം ഹ്ൃല്‍പാര്‍ശ്വാര്‍ത്തിശിരോരുജം ജീര്‍ണ്ണജ്വരം സശ്വയഥും സന്തതാദ",വിഷം,54,Vaidyamanorama — full-PDF disease/treatment extraction
dt_052,disease_treatment_qa,ഉദരം രോഗത്തിന്റെ ചികിത്സയായി ഗ്രന്ഥം എന്താണ് പറയുന്നത്?,"ന്‍വേര്‍, വിഴാലരി, ദേവതാരം, ഇവര്‍ങ ത്തൊലി, താതിരിപ്പൂവ്‌, പാച്ചോറ്റിത്തൊലി, ചെറുതേക്കിന്‍വേര്‍, പലകപ്പയ്യാനിവേ , കുടകപ്പാലയരി, മഞ്ഞള്‍, മാതളത്തോട്‌, വാഴമാണം ഇവ അരച്ചു കലക്കി ആട്ടിന്‍നെയ്യോ പശുവിന്‍ നെയ്യോ ചേര്‍ത്ത്‌ ചെളിപാകത്തില്‍ നെയ്യിന്റെ നാലിരട്ടി ഇഞ്ചിനീരും പുളിയാറിലനീരും തൈരും ചേര്‍ത്തു കാച്ചിയെടുത്തു സേവിക്കുക. നാലുവിധം ഗ്രഹണിീരോഗം, അതിസാരം, മുക്കല്‍, ഗുദ്രഭംശം, പ്ലീഹാരോഗം, അഷ്ഠീ ല, പീനസം, ഉദരം, കൃമിരോഗം, ഗുന്മം, ശുലം, അരുചി ഇവ ശമിക്കും. ജഠരാഗ്നി വര്‍ദ്ധിക്കുകയും ചെയ്യും. വിഷൂചികാചികിത്സ അജീര്‍ണ്ണസംഖ്യ.-- ആമം വിദഗ്ദ്ധം വിഷ്ടബ്ധം വിഷുച്യലസകോ/ലസഃ വിളംബികാഖ്യാമവിഷം ദണ്ഡകാലസകാനി ച. ടമ ഇത്യജീര്‍ണ്ണാനി തേഷന്ത്യാവസാദ്ധ്യ സപ്ത സാധയേല്‍. സാരം - ആമം, വിദഗ്ദ്ധം, വിഷ്ടബ്ധം, വിഷൂചി, അലസകം, അലസം, വിളം ബിക, ആമവിഷം, ദണ്ഡാലസകം ഇങ്ങനെ അജീര്‍ണ്ണം ഒന്‍പതുവിധം. അവയില്‍ വിഷാജീര്‍ണ്ണവും ദണ്ഡാലസകവും അസാദ്ധ്യവും മറ്റു ഏഴു അജീര്‍ണ്ണങ്ങളും സാദ്ധ്യങ്ങളും ആകുന്നു. ആമാദ്യജീര്‍ണ്ണചികിത്സ-- ലംഘനം കാര്യമാമേ തു വിഷ്ടബ്ധേ സ്വേദനം ഭൃശം വിദഗ്ദ്ധേ വമനം യദ്വാ യഥാവസ്ഥം ഹിതം ഭവേല്‍. ട3 സാരം - ആമാജീര്‍ണ്ണത്തില്‍ ഉപവാസവും വിഷ്ടബ്ധാജീര്‍ണ്ണത്തില്‍ വിയര്‍പ്പി ക്കുകയും വിദഗ്ദ്ധാജീര്‍ണ്ണത്തില്‍ ഛര്‍ദ്ദിപ്പിക്കുകയും ചെയുണം. അല്",ഉദരം,210,Vaidyamanorama — full-PDF disease/treatment extraction
dt_053,disease_treatment_qa,ജ്വരം ബാധിച്ചാൽ ഗ്രന്ഥപ്രകാരം എന്ത് ചികിത്സയാണ് ചെയ്യേണ്ടത്?,"ജരചികിത്സാ്രമം 13 ലംഘനനിഷേധം-- ശുദ്ധവാതക്ഷയാഗന്തു ജീര്‍ണ്ണജ്രിഷു ലംഘനം നേഷ്യതേ തേഷു ഹി ഹിതം ശമനം യന്ന കര്‍ശനം ടട സാരം - കേവലവാതം കൊണ്ടും ധാതുക്ഷയം കൊണ്ടും ഉള്ള ജ്വരം ആഗ ത്തുകജ്ചരം ജീര്‍ണ്ണജ്വരം (പഴകിയ പനി) ഇവയുളളവര്‍ക്ക്‌ ഉപവാസം ഹിതമല്ല. അവര്‍ക്കു കര്‍ശനമല്ലാതുള്ള (ചടപ്പിക്കാതെയുള്ള) ശമന്രകിയ ചെയ്തുകൊള്ള ണം. സാമജ്വരലക്ഷണം-- ജ്വരോപ്രദവതീക്ഷ്ണത്വമഗ്ലാനിര്‍ബ്ബഹുമുധ്രതാ ന പ്രവൃത്തിര്‍ന്ന വിഡ്ജീര്‍ണ്ണാ ന ക്ഷുത്സാമജ്വരാകൃതിഃ 6 ഇതി സാമജ്വരാകൃത്യാ ജാനീയാദവിശോഷിതം സാരം - ജ്വരോപ്രദവങ്ങളുടെ ആധിക്യം, ക്ഷീണമില്ലായ്ക, മൂത്രം ധാരാളം പോവുക, മലം പോകാതെയും ദഹിക്കാതെയുമിരിക്ക, വിശപ്പില്ലായ്‌ക ഇവ ആമ ത്തോടുകുടിയ ജ്വരത്തിന്റെ ലക്ഷണങ്ങളാകുന്നു. ഇങ്ങനെയുള്ള സാമജ്ചരലക്ഷ ണം കൊണ്ട്‌ അവിശോഷിതനെന്ന്‌ (ലംഘനം ശരിയാവാതെയുള്ളവനെന്ന്‌) അറി യണം. ശമനരുപമായ ലംഘനത്തില്‍ വെച്ചു ശ്രേഷ്ഠമായ ഉപവാസം ചെയ്തിട്ടും ആമജ്വരലക്ഷണമുണ്ടായിരുന്നാല്‍ ദിവിധോപ്രകമണീയത്തില്‍ വിധിച്ചിരിക്കുന്ന ശോധനരുപമായ ലംഘനം ചെയ്തുകൊള്ളണം, “സാമേ വി",ജ്വരം,13,Vaidyamanorama — full-PDF disease/treatment extraction
dt_054,disease_treatment_qa,പാണ്ഡു രോഗാവസ്ഥയിൽ ഉപയോഗിക്കേണ്ട ഔഷധപ്രയോഗം ഏതാണ്?,"രിപാര്‍വ തിയുടെ സേവകൊണ്ട്‌ സംസാരം നശിക്കുന്നതുപോലെ രക്തപിത്തരോഗം നിശ്ച യമായും ശമിക്കും. രക്തപിത്തോപ്രദവങ്ങള്‍-- ദൌര്‍ബല്യം ശ്വാസകാസഈ ജ്വരവമഥുമദാഃ പാണ്ഡുതാ ദാഹമോഹയ ഭക്താശ്രദ്ധാ//വിപാകോ ഹൃദയഗുദരുജോ- പ്രദവാ രക്തപിത്തേ; യല്‍കൃഷ്ണം യച്ച നീലം ഭൃശമതി കുൂണപം രോമകൂപൈഃ സ്രുതം യല്‍ തദ്വര്‍ജ്ജ്യം വേഗവദ്യല്‍ സുരപതിധനുഷാ യച്ച തുല്യം വിഭാതി. 7 സാരം - ബലക്കുറവ്‌, വായുമൂട്ടല്‍, ചുമ, പനി, ഛര്‍ദ്ദി, മദം, ശരീരത്തിനു പാണ്ഡു ത്വം, സര്‍വാംഗസന്താപം, മോഹാലസ്യം, അന്നത്തില്‍ ശ്രദ്ധയില്ലായ്ക, ദഹനക്കേ ട്‌, ഹൃദയം, ഗുദം ഈ സ്ഥാനങ്ങളില്‍ വരുന്ന വേദന ഇവ രക്തപിത്തത്തില്‍ ഉണ്ടാ കുന്ന ഉപ്രദവരോഗങ്ങളാകുന്നു. കറുത്തനിറത്തിലും നീലനിറത്തിലും ശവഗന്ധ ത്തോടുകുടിയും രോമകുപങ്ങളില്‍കൂടി ശ്രവിക്കുന്നതും വളരെ വേഗങ്ങളോടുകു ടിയതും ഇന്ദ്രധനുസ്സിന്റെ നിറത്തോടു തുല്യമായും ഇരിക്കുന്ന രക്തപിത്തം അചി കിത്സ്യമാകുന്നു. രക്തപിത്തപ്രശാന്ത്യര്‍ത്ഥം ഗണേശം ച പ്രപൂജയേല്‍. ഇതി വൈദ്യമനോരമായാം ചികിത്സ്ര്രമേ",പാണ്ഡു,74,Vaidyamanorama — full-PDF disease/treatment extraction
dt_055,disease_treatment_qa,കുഷ്ഠം ചികിത്സയ്ക്കായി ഈ ഗ്രന്ഥം നിർദ്ദേശിക്കുന്ന മാർഗം എന്താണ്?,"കുടകപ്പാലയരി, തിപ്പലി, ഓരിലവേര്‍, അതിവിടയം, കടുകുരോഹിണി, രാമച്ചം, ചന്ദനം, നെല്ലിക്കാത്തോട്‌, കരൂവളത്തിന്‍വേര്‍്‌, മുത്തങ്ങാക്കിഴങ്ങ്‌, മുന്തിരിങ്ങാപ്പഴം, നറുനിണ്ടിക്കിഴങ്ങ്‌ ഇവകൊ ണ്ടു കാച്ചിയ നെയ്യ്‌ ജ്വരം, ചുമ, വായുമുട്ടല്‍, ഹലീമകരോഗം, അരുചി, വിഷമാഗ്നി, കാലപ്പഴക്കം ചെല്ലാത്ത രാജയക്ഷ്മാവ്‌ ഇവ പെട്ടെന്നു ശമിപ്പിക്കും. ലോഹിതാണ്ഡാദി തൈലം- ലോഹിതാണ്ഡം ഹരിദ്രേ ദ്വേ ശംഖിനീ കൃഷ്ണജിീരകം. 103 ശാരിബാ ചന്ദനം കുഷ്ഠം സൈന്ധവം ത്ര്യൂഷണം വചാ ഏതൈര്‍വാശാരസേ സിദ്ധം സസ്തന്യം തൈലമുത്തമം. 104 പാനാഭ്യഞ്ജനനസൈശ്ച ലിപ്തം സന്ധിനഖാന്തയോഃ സമസ്തസന്നിപാതഘ്നം പക്ഷാഘാതാര്‍ദ്ദിതാപഹം. 105 ബാഹ്യായാമാന്തരായാമഭൂതാദിഗ്രഹനാശനം അപസ്മാരവിഷോന്മാദവിഷമജരനാശനം. 106 ഏതത്തൈലം മഹാവീര്യം രഹസ്യമിദമുത്തമം",കുഷ്ഠം,35,Vaidyamanorama — full-PDF disease/treatment extraction
dt_056,disease_treatment_qa,കാസം എന്ന രോഗത്തിന് ഗ്രന്ഥത്തിൽ നിർദ്ദേശിക്കുന്ന ചികിത്സ എന്താണ്?,"രിസ്രുതം പിബേല്‍. കമ സാരം - കരിംകുവളക്കിഴങ്ങ്‌ ചുട്ടു ഭസ്മമാക്കി ആ ഭസ്മം വെള്ളത്തില്‍ കലക്കി തെളിച്ചെടുത്ത്‌ ആ തെളി തേന്‍ചേര്‍ത്തു സേവിക്കുക. രക്തപിത്തം ശമിക്കും. വാശാദി ഘൃതം- വാശായാഃ സ്വരസെ സര്‍പ്പിഃ പയസാ സഹ പാചയേല്‍ കല്ക്കൈര്‍ഭൂനിംബകുടചമുസ്തയഷ്ട്യാഹ്വചന്ദനൈഃ. ദ ഉദീച്യമധുകാനന്താശാരിബോദകപത്മകൈഃ ത്രായന്ത്യുല്പലമൂര്‍വാദിര്‍മ്മദയന്ത്യാശ്ച പല്ലവൈഃ. കമ സിതാക്ഷ്ദ്രയുതം ഹന്യാദ്രക്തപിത്തം സുദാരുണം ശ്വാസം കാസം ച ഗുന്മം ച സ്വരഭേദം ഹലീമകം. ക്ട യേ ചാന്യേ കീര്‍ത്തിതാ രോഗാ വാതപിത്തകഫാഗശ്രയാഃ താന്‍ സര്‍വാന്‍ വിജയത്യേതല്‍ പീയമാനം ഹിതാശനഃ. 46 സാരം - ആടലോടകത്തില വാട്ടിപ്പിഴിഞ്ഞ നീരില്‍ പുത്തരിച്ചുണ്ടവേര്‍, കുടകപ്പാ ലത്തൊലി, മുത്തങ്ങാക്കിഴങ്ങ്‌, ഇരട്ടിമധുരം, ചന്ദനം, രാമച്ചം, ഇരിപ്പുക്കാതല്‍, കൊടി ത്തുവവേര്‍, നറുനീണ്ടിക്കിഴങ്ങ്‌, ഇരുവേലി, പതുമുകം, (ഫ്മി, ചെങ്ങഴിനീര്‍ക്കിഴങ്ങ്‌, പെരുംകുരുമ്പവേര്‍, താതിരിപ്പുവ്‌ ഇവ കല്‍ക്കമായി നെയ്യും, നെയ്ക്ക്‌ സമം പാലും ചേര്‍ത്തു കാച്ചി അരിച്ച്‌ ചൂടാറിയാല്‍ പഞ്ചസാരയും തേനും ചേര്‍ത്ത്‌ യോജിപ്പിച്ച്‌ പത്യ മായി സേവിക്കുക. അതിഭയങ്കരമായ രക്തപിത്തം, വായുമുട്ടല്‍, ചുമ, ഗുന്മം, ഒച്ചയടപ്പ്‌, മഞ്ഞപ്പിത്തം ഇവയും വാതപിത്തകഫാ്രയങ്ങളായ മറ്റു രോഗങ്ങളും ശമിക്കും.",കാസം,71,Vaidyamanorama — full-PDF disease/treatment extraction
dt_057,disease_treatment_qa,അതിസാരം രോഗത്തിന്റെ ചികിത്സയായി ഗ്രന്ഥം എന്താണ് പറയുന്നത്?,"ശേ വസ്ത്യാനാഹേ പ്രവാഹണേ. 7 പിഞ്ഛാസ്രാവേ/ര്‍ശസാം ശുലേ ദേയം തല്‍പരമഷധം സാരം -- ഇരട്ടിമധുരം, ചെങ്ങഴുനിര്‍ക്കിഴങ്ങ്‌, പാച്ചോറ്റിത്തൊലി, ഇരുവേലി, പടര്‍ച്ചുണ്ട, കുവളത്തിന്‍വേര്‍, ചന്ദനം, കാട്ടുമുളകിന്‍വേര്‍, അതിവിടയം, മുത്തങ്ങാ ക്കിഴങ്ങ്‌, പാടക്കിഴങ്ങ്‌, ചവര്‍ക്കാരം, മരമഞ്ഞള്‍ത്തൊലി, ചുക്ക്‌, മാഞ്ചി, കൊടുവേ ലിക്കിഴങ്ങ്‌, ദേവതാരം ഇവ പുളിയാരിലനീരില്‍ അരച്ചു കലക്കി നെയ്യു കാച്ചി സേവി ച്ചാല്‍ അര്‍ശ്ശസ്സ്‌, അതിസാരം, ഗ്രഹണി, പാണ്ഡുരോഗം, ജ്വരം, അരുചി, മുത്രക്ൃ ച്രും, ഗുദ്രരംശം, വസ്തിക്കുണ്ടാകുന്ന വീര്‍പ്പ്‌, മുക്കല്‍, പിഞ്ഛാ്രസാവം (ഗുദ ത്തില്‍നിന്ന്‌ വഴുവഴുത്ത വെള്ളമൊലിക്കല്‍) അര്‍ശസ്സുകൊണ്ടുള്ള വേദന ഇവ ശമി ക്കും. കല്യാണക്ഷാരം- ത്രികടുത്രിപടുശ്രേഷ്ഠാദന്ത്യരുഷ്കരചിത്രകം. നി സാക്ഷുണ്ണം സ്‌നേഹമുത്രാക്തമന്തര്‍ദ്ധുമം വിപാചയേല്‍ ശരാവസന്ധ മ്യല്ലിപ്തേ ക്ഷാരഃ കല്യാണകാഹ്വയഃ. 9 സ പീതസ്സര്‍പ്പിഷാ യുക്തോ ഭക്തേ വാ സ്നിഗ്ദ്ധഭോജിനാം ഉദാവര്‍ത്തവിബന്ധാര്‍ശോഗുന്മപാണ്ഡൂദരകൃമീന്‍. 20",അതിസാരം,168,Vaidyamanorama — full-PDF disease/treatment extraction
dt_058,disease_treatment_qa,ഗ്രഹണി ബാധിച്ചാൽ ഗ്രന്ഥപ്രകാരം എന്ത് ചികിത്സയാണ് ചെയ്യേണ്ടത്?,"ഛര്‍ദ്ദിചികിത്സാരകമം 143 വില്രഷധകഷായം-- വില്രഷധാഭ്യാം പരിപക്വമേത- ന്നിവാരയേദ്ാര്യനിവാര്യവീര്യം ശിരോരുജം ഛര്‍ദ്യരുചിപ്രസേക- ഗുന്മോര്‍ദ്ധവാത്രഗഹണീവികാരാന്‍. ി സാരം - കുവളത്തിന്‍വേരും ചുക്കും കുടി കഷായം വച്ചു സേവിച്ചാല്‍ തലവേ ദന, ഛര്‍ദ്ദി, അരുചി, വായില്‍കുടി വെള്ളംവരിക, ഗുന്മം, ഈര്‍ദ്ധവായു, ഗ്രഹണി ഇവ ശമിക്കും. ആമ്രപ്രവാളാദി കഷായം-- ആമ്രജംബു്രവാളാനാം നിര്യൂഹം മധുനാ പിബേല്‍ ലാജതര്‍പ്പണസംയുക്തം ഛര്‍ദ്യതീസാരനാശനം. 21 സാരം - മാവിന്‍തളിരും ഞാവല്‍തളിരും കൂടി കഷായം വച്ച്‌ തേനും മലര്‍പ്പൊ ടിയും ചേര്‍ത്തു സേവിച്ചാല്‍ ഛര്‍ദ്ദിയും അതിസാരവും ശമിക്കും. കല്യാണാവലേഹം-- ബീജപുരരസ്പ്രസ്ഥം ഗുളാദഷ്ടപലാനി ച പക്ത്വാ ലാജകണായഷ്ടീമധുകാഞ്ജനചന്ദനൈഃ. മമ അക്ഷാംശൈര്‍മ്മധുനാ ലേഹഃ കല്യാണാഖ്യോ വമിപ്രണുല്‍ സാരം - ഇടങ്ങഴി വള്ളിനാരങ്ങാനിരില്‍ എട്ടു പലം ശര്‍ക്കര കലക്കി പചിച്ചു പാകമാകുമ്പോള്‍ മലര്‍, തിപ്പലി, ഇരട്ടിമധുരം, അഞ്ജനക്കല്ല്‌, ചന്ദനം ഇവ മൂന്നു കരഴഞ്ചുവിതം പൊടിച്ചിട്ടു വാങ്ങി ആറിയാല്‍ തേനും ചേര്‍ത്തു സൂക്ഷിച്ചുവച്ചിരുന്നു ഉപയോഗിക്കുക. ഈ കല്യാണാവലേഹം ഛര്‍ദ്ദിയെ ശമിപ്പിക്കും. ലാജാദി കഷായം-- ലാജമഹൌയഷധവിലൈരംബു ശൃതം കോ",ഗ്രഹണി,143,Vaidyamanorama — full-PDF disease/treatment extraction
dt_059,disease_treatment_qa,പ്രമേഹം രോഗാവസ്ഥയിൽ ഉപയോഗിക്കേണ്ട ഔഷധപ്രയോഗം ഏതാണ്?,"190 വൈദ്യമനോരമ ചന്ദന്രപയോഗം-- പീത്വാ സശര്‍ക്കരാക്ഷ്്രം ചന്ദനം തണ്ഡുലാംഭസാ. [5] ദാഹത്ൃഷ്ണാപ്രമേഹേഭ്യോ രക്ത്രസാവാച്ച മുച്യതേ സാരം - ചന്ദനമരച്ചു അരിക്കാടിയില്‍ കലക്കി പഞ്ചസാരയും തേനും ചേര്‍ത്തു സേവിക്കുക. സര്‍വാംഗസന്താപം, തണ്ണീര്‍ദാഹം, പ്രമേഹം, രക്ത്രസാവം ഇവ ശമിക്കും. ഗുദപാകത്തിന്‌-- ഗുദസ്യയ പാഠകേ ദാഹേ വാ സേകാ ലേപാ ഹിമാ ഹിതാഃ ി സാരം - ഗുദത്തിനു പഴുപ്പോ ചൂടോ ഉണ്ടെങ്കില്‍ ശീതങ്ങളായ ധാരകളും ലേപനങ്ങളും ഹിതങ്ങളാകുന്നു. ശതാവരീഘൃതപ്രയോഗം-- രക്തം വിട്സഹിതം പൂര്‍വം പശ്ചാദ്വാ യോ/തിസാര്യതേ ശതാവരീഘൃതം തസ്യ ലേഹാര്‍ത്ഥമുപയോജയേല്‍. ടട സാരം - രക്തം മലത്തോടുകുടിയോ അല്ലെങ്കില്‍ മലം പോകുന്നതിനു മുമ്പിലോ മലം പോയതിനു ശേഷമോ അധികമായി പോകുന്നു എങ്കില്‍ ആ രോഗി ശതാവ രീഘൃതം ലേഹനം ചെയുണം. നവനീതപ്രയോഗം-- ശര്‍ക്കരാര്‍ദ്ധാംശികം ലീഡഃം നവനീതം നവോദ്ധ്യതം ക്ഷന്ര്രപാദം ജയേച്ഛീരഘം തം വികാരം ഹിതാശിനഃ. 56 സാരം - പുതുവെണ്ണയില്‍ പകുതി പഞ്ചസാരയും നാലിലൊന്നു തേനും ചേര്‍ത്തു സേവിക്കുകയും പത്ഥ്യമായി ഭക്ഷണം കഴിക്കുകയും ചെയ്താല്‍ രക്തംപോക്കു ശമിക്കും. നൃഗ്രോധാദി ഘൃതം-- നൃഗ്രോ",പ്രമേഹം,190,Vaidyamanorama — full-PDF disease/treatment extraction
dt_060,disease_treatment_qa,രക്തപിത്തം ചികിത്സയ്ക്കായി ഈ ഗ്രന്ഥം നിർദ്ദേശിക്കുന്ന മാർഗം എന്താണ്?,"[2 വൈദ്യമനോരമ ദ്വിതീയോ/ ദ്ധ്യായഃ രക്തപിത്തചികിത്സാക്രമം രക്തപിത്തത്തിന്റെ സാദ്ധ്യാസാദ്ധ്യത- രിഷ്ടജ്ഞാനോദിതൈര്‍ല്ലിംഗൈ- ര്‍വീഹീനം ബലിനോ നവം ഏകദോഷസമുദ്ഭൂത-- മൂര്‍ദ്ധ്ഗം വേഗവര്‍ജ്ജിതം. [) സാധയേച്ചിശിരേ കാലേ രക്തപിത്തം ഭിഷഗ്വരഃ അധോഗം യാപയ്യരേദക്തം യച്ച ദോഷദ്വയാനുഗം മ ശാന്തം ശാന്തം പുനഃ കുപ്യന്‍ മാര്‍ഗ്ഗാന്മാര്‍ഗ്ഗാന്തരം ച യല്‍ അതിപ്രവൃത്തം മന്ദാഗ്നേസ്ത്രിദോഷം ദ്വിപഥം തൃജേല്‍. ി സാരം - ദേഹബലമുള്ളവന്നു വികൃതിവിജ്ഞാനീയത്തില്‍ പറയപ്പെട്ടിട്ടുള്ള ലക്ഷണങ്ങളോട്‌ കൂടാത്തതും കാലപ്പഴക്കം ചെല്ലാത്തതും വാതപിത്തകഫങ്ങളില്‍ ഏതെങ്കിലുമൊരു ദോഷം കോപിച്ചുണ്ടായതും മേല്പോട്ടു (കണ്ണ്‌, മുക്ക്‌, ചെവി, വായ്‌ ഇവകളിലൂടെ) പ്രവര്‍ത്തിക്കുന്നതും ഹേമന്തശിശിരജുതുക്കളില്‍ ഉണ്ടായതു മായ രക്തപിത്തം സുഖസാദ്ധ്യമാകുന്നു. കീഴ്പോട്ട്‌ (മ്രേവദയോനിഗുദങ്ങളിലൂടെ) പ്രവഹിക്കുന്നതും ഈരണ്ടു ദോഷങ്ങള്‍ കോപിച്ചുണ്ടായതുമായ രക്തപിത്തം യാപ്യ, മാകുന്നു. കുടെക്കുടെ ശമിക്കയും വീണ്ടും കോപിക്കയും ചെയ്യുന്നതും ഈര്‍ദ്ധഗ മായി പ്രവര്‍ത്തിച്ചിട്ട്‌ പിന്നീട്‌ അധോഗാമിയാ",രക്തപിത്തം,62,Vaidyamanorama — full-PDF disease/treatment extraction
dt_061,disease_treatment_qa,ക്ഷയം എന്ന രോഗത്തിന് ഗ്രന്ഥത്തിൽ നിർദ്ദേശിക്കുന്ന ചികിത്സ എന്താണ്?,"രസ്യ ദാപയ്രേദസഭോജനം! 204 ദിവാകരാഗ്നിസന്താപാദുദ്ഭൂതേ പിത്തജേ ജ്വരേ ശീതാംഭസാവസിക്തസ്യ മന്ഥം പാനായ ദാപയേല്‍ 205 ഹിമമാരുതതോയാനാമതിമാത്രനിഷേവണാല്‍ ശ്ലേഷ്മജ്രേ സമുദ്ഭൂതേ സ്വേദഃ പരമശര്‍മ്മദഃ. 206 സാരം - ശസ്ര്രതാഡനംകൊണ്ടുണ്ടായ ജരത്തില്‍ ശിത്രക്രിയ ഹിതമാകുന്നു. ഉപവാസം കൊണ്ടുണ്ടായ ജ്വരത്തില്‍ പാല്‍ കുടിക്കുന്നത്‌ നല്ലതാണ്‌. മനോദുഃഖം കൊണ്ടുണ്ടായ ജ്വരത്തില്‍ അതിന്റെ കാരണത്തിനു വിപരീതമായതും പ്രയോഗി ക്കണം. രക്തക്ഷയം കൊണ്ടുണ്ടായ വാതജമായ ജ്രത്തില്‍ ശരീരത്തില്‍ നെയ്യു തേച്ചിരുത്തിയശേഷം മാംസരസം കൂട്ടി ചോറുകൊടുക്കണം. വെയിലിന്റെയും തിയു ടരെയും ചുടുകൊണ്ടുണ്ടായ പിത്തജ്ചരത്തില്‍ ശീതജലംകൊണ്ടു ധാരചെയ്തതി നുശേഷം മലര്‍പ്പൊടി വെള്ളത്തില്‍ കലക്കി കൊടുക്കണം. മഞ്ഞ്‌, കാറ്റ്‌ ഇവ അധി കരമായി ഏല്ക്കുകകൊണ്ടും പച്ചവെള്ളമധികമായി കൂടിക്കുകകൊണ്ടും ഉണ്ടായ കഫജ്വരത്തില്‍ സ്വേദം ഏറ്റവും സുഖത്തെ ചെയ്യും. തേ ജ്വരാഃ കേവലാഃ പൂര്‍വം വ്യാപ്യന്തേ/നന്തരം മലൈഃ തസ്മാദ്ദോഷാനുസാരേണ തേഷ്വാഹാരാദി കല്പയേല്‍. 207 സാരം - മുന്‍പറഞ്ഞ ജരങ്ങള്‍ ആദ്യം ദോഷസംസര്‍ഗ്ഗം കൂടാതെ ഉണ്ടായിട്ട്‌ പിന്നീട്‌ ദോഷങ്ങളാല്‍ വ്യാപിക്കപ്പെടുന്നു. അതുകൊണ്ട്‌ ആ ജരങ്ങളില്‍ ദോഷ കോപം അനുസരിച്ചുള്ള ആഹാരാദികള്‍ കൊടുത്തുകൊള്ളണം. രോഗാണാം ച സമുത്ഥാനേ പാകമായാത്സു തേഷു ച ജ്വരോ/പരഃ സംഭ",ക്ഷയം,58,Vaidyamanorama — full-PDF disease/treatment extraction
dt_062,disease_treatment_qa,കൃമി രോഗത്തിന്റെ ചികിത്സയായി ഗ്രന്ഥം എന്താണ് പറയുന്നത്?,"അനുകൂലോപചാരേണ യാതി ദ്വിഷ്ടാര്‍ത്ഥജാ ശമം. മ സാരം - വ്ളാങ്കാ മുറിച്ചു ചുക്ക്‌, മുളക്‌, തിപ്പലി, ഇവയുടെ പൊടിയില്‍ ഒപ്പി കടിച്ചു തിന്നുകയോ കൊടുത്തുവവേര്‍ പൊടിച്ച്‌ തേനില്‍ കുഴച്ചു നക്കുകയോ ചെയ്താല്‍ ഛര്‍ദ്ദി ശമിക്കും. മനസ്സിന്‌ അഹിതങ്ങളായ സാധനങ്ങളുടെ ദര്‍ശനം, ,്ലാണം മുതലായവയാല്‍ ഉണ്ടായ ഛര്‍ദ്ദി, മനസ്സിനു ഹിതകരങ്ങളായ വസ്തുക്ക ളുടെ ദര്‍ശനം, (ഘാണം മുതലായവകൊണ്ടു ശമിക്കും. കൃമിജച്ഛര്‍ദ്ദിചികിത്സ-- ക്ൃമിജാ കൃമിഹൃദ്രോഗഗദിതൈശ്ച ഭിഷഗ്ജിതൈഃ യഥാസ്വം പരിശേഷാശ്ച തല്‍കൃതാശ്ച തഥാമയാഃ. 13 സാരം - കൃമിഹൃദ്രോഗത്തിനു പറഞ്ഞിരിക്കുന്ന ചികിത്സ ചെയ്താല്‍ കൃമിജ മായ ഛര്‍ദ്ദി ശമിക്കും. തണ്ണീര്‍ദാഹം, ദഹനക്കേട്‌, ദൌഹൃദം ഇവകൊണ്ടുണ്ടായ ഛര്‍ദ്ദിയും അവകൊണ്ടുണ്ടായ രോഗങ്ങളും അതിനു പറഞ്ഞിരിക്കുന്ന ചികിത്സ ചെയ്താല്‍ ശമിക്കും. വില്ധധാന്യകാദി കഷായം-- വില്വധാന്യകബലാമഹൌഷധൈര്‍- ലാജമുദ്ഗസഹിതൈശ്ശൃതം ജലം ഛര്‍ദ്ദിമാശു പിബതഃ സശര്‍ക്കരം ഹന്തി വാതകഫപിത്തജാമപി. രി സാരം - കുവളത്തിന്‍വേര്‍, കൊത്തമ്പാലരി, കുറുന്തോട്ടിവേര്‍, ചുക്ക്‌, മലര്‍, ചെറുപയറ്‌ ഇവ കഷായം വച്ച്‌ പഞ്ചസാര മേമ്പൊടി ചേര്‍ത്ത്‌ സേവിച്ചാല്‍ ത്രിദോ ഷജമായ ഛര്‍ദ്ദിയും ശമിക്കും.",കൃമി,141,Vaidyamanorama — full-PDF disease/treatment extraction
dt_063,disease_treatment_qa,പീനസം ബാധിച്ചാൽ ഗ്രന്ഥപ്രകാരം എന്ത് ചികിത്സയാണ് ചെയ്യേണ്ടത്?,"ുല്മജ്വരോദരപ്ലീഹ- ഗ്രഹണീപാണ്ഡുപീനസാന്‍ ശ്വാസകാസാഗ്നിസദന- ശ്വയഥൂര്‍ദ്ധാനിലാന്‍ ജയേല്‍. ന സാരം - പഞ്ചകോലം (തിപ്പലി, കാട്ടുതിപ്പലിവേര്‍, കാട്ടുമുളകിന്‍വേര്‍, കൊടു വേലിക്കിഴങ്ങ്‌, ചുക്ക്‌) ചവര്‍ക്കാരം ഇവ ഒരു പലം വിതം കല്ക്കമായി ഇടങ്ങഴി നെയ്യു ചേര്‍ത്തു ചളിപാകത്തില്‍ ഇടങ്ങഴി പാലുമൊഴിച്ചു കാച്ചിയെടുത്തു സേവി ക്കുക. സ്രോതസ്സുകള്‍ക്ക്‌ ശുദ്ധിയുണ്ടാകയും ഗുന്മം, ലരം, മഹോദരം, പ്ലീഹരോ ഗം, ഗ്രഹണി, പാണ്ഡുരോഗം, പീനസം, ശ്വാസം, ചുമ, അഗ്നിമാന്ദ്യം, നീര്‍ക്കെട്ട്‌, ര്‍ദ്ധവായു ഇവ ശമിക്കുകയും ചെയ്യും.",പീനസം,118,Vaidyamanorama — full-PDF disease/treatment extraction
dt_064,disease_treatment_qa,കാമല രോഗാവസ്ഥയിൽ ഉപയോഗിക്കേണ്ട ഔഷധപ്രയോഗം ഏതാണ്?,"പ്രമേഹചികിത്സാക്രമം 233 കതകാമലകാദി കഷായം-- കതകാമലകഹരിദ്രാകിംശുകവല്‍ക്കാഭയാവിദുലൈഃ മധുമധുരോ നിര്യൂഹോ മധുമേഹസ്യാപി മദദമനഃ. 30 സാരം - തേറ്റാമ്പരല്‍, നെല്ലിക്കാത്തോട്‌, മഞ്ഞള്‍, മുരിക്കന്‍തൊലി, കടുക്കാ ത്തോട്‌, കാനാഞ്ചി ഇവകൊണ്ടുള്ള കഷായം തേന്‍ മേമ്പൊടി ചേര്‍ത്തു സേവി ച്ചാല്‍ മധുമേഹവും മറ്റു ്രമേഹങ്ങളും ശമിക്കും. ഗുളൂച്യാദി ക്വാഥം- ഗുളുച്യാമലകക്ചാഥോ മധ്വാഡ്ട്യോ മേഹനുല്‍ പരം തൃഷ്ണാദാഹപ്രശമനോ ജ്രാരുചിവിനാശനഃ 331 സാരം - അമൃതും നെല്ലിക്കാത്തോടും കൂടി കഷായം വെച്ച്‌ അതില്‍ തേന്‍ മേമ്പൊടി ചേര്‍ത്തു സേവിച്ചാല്‍ തണ്ണീര്‍ദാഹം, ചുട്‌, ജ്വരം, അരുചി ഇവ ശമിക്കും. ഖദിര്രതിഫലാദി ചൂര്‍ണ്ണം--- ഖദിര്രതിഫലാകുലീനിശാംഭഃ- പരിപിഷ്ടം ഗിരിജം ത്വയര്‍പ്രലിപ്തം മധുനാ പരിചൂര്‍ണ്യ സേവിതാരം നരമാക്രാമതി ന പ്രമേഹസേനാ. 32 സാരം - കരിങ്ങാലിക്കാതല്‍, ത്രിഫലത്തോട്‌, ആവിരക്കുരു, മഞ്ഞ",കാമല,233,Vaidyamanorama — full-PDF disease/treatment extraction
dt_065,disease_treatment_qa,ഹൃദ്രോഗം ചികിത്സയ്ക്കായി ഈ ഗ്രന്ഥം നിർദ്ദേശിക്കുന്ന മാർഗം എന്താണ്?,"വഗേലാദി ലേഹം-- ത്വഗേലാവ്യോഷമൃദ്ധികാപിപ്പലീമുലപൌഷ്‌കരൈഃ ലാജമുസ്താഷഡീരാസ്നാധാത്രീഫലവിഭീതകൈഃ. ി ശര്‍ക്കരാക്ഷ്രദസര്‍പ്പിര്‍ഭിര്‍ല്ലേഹോ ഹൃദ്രോഗകാസഹാ സാരം - ഇലവര്‍ങത്തൊലി, ഏലത്തരി, ചുക്ക്‌, മുളക്‌, തിപ്പലി, മുന്തിരിങ്ങാപ്പ ൦, കാട്ടുതിപ്പലിവേര്‍, പുഷ്കരമൂലം, മലര്‍, മുത്തങ്ങാ, കച്ചോലം, അരത്ത, നെല്ലി ക്കാത്തോട്‌, താന്നിക്കാത്തോട്‌ ഇവ പൊടിച്ചു പഞ്ചസാരയും തേനും നെയ്യും കൂടി ചേര്‍ത്ത്‌ അതില്‍ കുഴച്ചു നക്കുക. ഹൃദ്രോഗം, ചുമ ഇവ ശമിക്കും. ദാഡിമാദി ചൂര്‍ണ്ണം-- ദ്വേ പലേ ദാഡിമാദഷ്ട ഗുഡാദ്ധ്യോഷാല്‍ പലത്രയം രോചനം ദീപനം സ്വര്യം പീനസശ്വാസകാസജില്‍. [ സാരം -- മാതളത്തോടു രണ്ടുപലം, ചുക്ക്‌, മുളക്‌, തിപ്പലി ഇവ ഓരോ പലം എല്ലാംകൂടി പൊടിച്ചു എട്ടു പലം ശര്‍ക്കരചേര്‍ത്തു ലേഹമാക്കി വച്ചിരുന്ന്‌ ഉപയോ ഗിക്കുക. ഈ ചൂര്‍ണ്ണം രൂചിയേയും ദീപനത്തേയും ഉണ്ടാക്കുന്നതും സ്വരത്തെ നന്നാ ക്കുന്നതും പീനസം, വായുമുട്ടല്‍, ചുമ ഇവയെ നശിപ്പിക്കുന്നതും ആകുന്നു. ഗുഡക്ഷാരാദി യോഗം-- ഗുഡക്ഷാരോഷണകണാഡാഡിമം ശ്വാസകാസജില്‍ ക്രമാല്‍ പലദ്വയാര്‍ദ്ധാക്ഷകര്‍ഷാക്ഷാര്‍ദ്ധപലോന്മിതം. നദ",ഹൃദ്രോഗം,87,Vaidyamanorama — full-PDF disease/treatment extraction
dt_066,disease_treatment_qa,അഗ്നിമാന്ദ്യം എന്ന രോഗത്തിന് ഗ്രന്ഥത്തിൽ നിർദ്ദേശിക്കുന്ന ചികിത്സ എന്താണ്?,"ജരചികിത്സാ്രമം 49 ജീര്‍ണ്ണജ്വരാരോചകകാസശൂല- ശ്വാസാഗ്നിമാന്ദ്യാര്‍ദ്ദിതപീനസേഷു. 164 സാരം - ചെറുവഴുതിനവേര്‍, ചുക്ക്‌, അമൃത്‌ ഇവ കഷായം വച്ചു തിപ്പലി പ്പൊടി മേമ്പൊടി ചേര്‍ത്തു സേവിച്ചാല്‍ ജീര്‍ണ്ണജ്ലരം, അരുചി, ചുമ, ശൂലം, വായു മുട്ടല്‍, അഗ്നിമാന്ദ്യം, അര്‍ദ്ദിതവാതം, പീനസം ഇവ ശമിക്കും. പാഠാദി-- പാഠാഗുളൂചീധനപര്‍പ്പടാബ്ദ- ഭൂനിംബവിലേന്ദ്രയവൈഃ ശൃതാംഭഃ പേയം ജരാര്‍ത്തൈരതിസാരിഭിശ്ച യഥാമൃതം സ്വര്‍ഗ്ഗിഭിരാദരേണ. 165 സാരം - പാടക്കിഴങ്ങ്‌, അമൃത്‌, കൊത്തമ്പാലയരി, പര്‍പ്പടകപ്പുല്ല്‌, മുത്തങ്ങാ ക്കിങ്ങ്‌, പുത്തരിച്ചുണ്ടവേര്‍, കുവളത്തിന്‍വേര്‍, കുടകപ്പാലയരി ഇവകൊണ്ടുള്ള കഷായം ജരാതിസാരത്തെ ശമിപ്പിക്കും. നാഗരാതിവിഷാദി-- നാഗരാതിവിഷാമുസ്താഭുനിംബ്ന്ദ്രയവാമൃതാഃ സര്‍വജ്ചരഹരോ യോഗഃ സര്‍വാതീസാരനാശനഃ. 166 സാരം - ചുക്ക്‌, അതിവിടയം, മുത്തങ്ങാക്കിഴങ്ങ്‌, പുത്തരിച്ചുണ്ടവേര്‍്‌, കുടക, പ്ലാലയരി, അമൃത്‌ ഇവകൊണ്ടുള്ള കഷായം എല്ലാ ജരത്തേയും എല്ലാ അതിസാര ത്തേയും ശമിപ്പിക്കും. സഹദേവീരസഖളം-- സഹദേവീരസേ സിദ്ധഃ ഖളഃ സര്‍വജ്വരാപഹ3. സാരം - പുവങ്കുറന്തലിന്റെ നീരില്‍ മുക്കുടി ഉണ്ടാക്കി",അഗ്നിമാന്ദ്യം,49,Vaidyamanorama — full-PDF disease/treatment extraction
dt_067,disease_treatment_qa,ശോഫം രോഗത്തിന്റെ ചികിത്സയായി ഗ്രന്ഥം എന്താണ് പറയുന്നത്?,"രഹരീതകീ- പത്ഥ്യാശതദ്വയം മൂത്ര ദ്രോണേനാമുധ്രസംക്ഷയാല്‍ പക്ത്വാ ഖാദേല്‍ സമധുനീ ദ്വേ ദ്വേ ഹന്തി കഫോദ്ഭവാന്‍. 7 ദൂര്‍ന്നാമകുഷ്ഠശ്വയഥു- ഗുന്മമേഹോദരക്ൃമീന്‍ ഗ്രന്ഥ്യര്‍ബുദാപചീസ്ഥാല്യ-- പാണ്ഡുരോഗാഡ്യമാരുതാന്‍. ി സാരം - ഇരുനൂറു കടുക്ക പതിനാറിടങ്ങഴി ഗോമൂത്രത്തില്‍ പാകംചെയ്തു ഗോമുര്രമെല്ലാം കടുക്കയില്‍ പിടിപ്പിച്ചു വാങ്ങി വച്ചിരുന്നു തേന്‍ കൂട്ടി ഈരണ്ടു കടുക്കാവിതം സേവിച്ചാല്‍ കഫജങ്ങളായ അര്‍ശസ്സ്‌, കുഷ്ഠം, ശോഫം, ഗുന്മം, മഹോദരം, കൃമി ഇവയും ഗ്രന്ഥി, അര്‍ബുദം, അപചി, സ്ഥല്യരോഗം, പാണ്ഡു രോഗം, ആഴ്്യവാതം ഇവയും ശമിക്കും. ദുസ്പര്‍ശകാദി കഷായം-- ദുസ്പര്‍ശകേന വില്വേന യവാന്യാ നാഗരേണ വാ ഏകൈകേനാപി സംയുക്താ പാഠാ ഹന്ത്യര്‍ശസാം രുജം. [5] സാരം - കൊടിത്തുവവേര്‍, കുവളത്തിന്‍വേര്‍ കുറാശാണി, ചുക്ക്‌ ഇവയില്‍",ശോഫം,166,Vaidyamanorama — full-PDF disease/treatment extraction
dt_068,disease_treatment_qa,ഉന്മാദം ബാധിച്ചാൽ ഗ്രന്ഥപ്രകാരം എന്ത് ചികിത്സയാണ് ചെയ്യേണ്ടത്?,"മധുകമധുകപിപ്പലീഭിഃ ഖര്‍ജുരൈര്‍മ്മലയജ ശാരിബാജലാബ്ദൈഃ! സ്തന്യേക്ഷുസ്വരസസിതാമധുപ്രഗാഡൈര്‍- നസ്യം സ്യാദഭിനവചിത്തവി(്രമേഷു. 90 സാരം - മൂന്തിരിങ്ങാപ്പഴം, ഇരട്ടിമധുരം, ഇരിപ്പക്കാതല്‍, തിപ്പലി, ചിറ്റിന്തല്‍വേ ്‌, ചന്ദനം, നറുനീണ്ടിക്കിഴ്ങ്‌, ഇരുവേലി, മുത്തങ്ങാക്കിഴങ്ങ്‌ ഇവ അരച്ചു മുല പ്ലാലും കരിമ്പിന്‍നീരുംകുടി യോജിപ്പിച്ച്‌ അതില്‍ കലക്കി അരിച്ച്‌ പഞ്ചസാരയും തേനും ചേര്‍ത്തു നസ്യം ചെയ്താല്‍ പെട്ടെന്നുണ്ടായ ഉന്മാദം ശമിക്കും. ത്ര്യൂഷണാദി നസ്യം-- ത്യൂഷണം നാഗകുസുമം സൈന്ധവം സമഭാഗികം കഫോത്ഥസന്നിപാതേഷു സ്തന്യേന സഹ യോജയേല്‍. 91 സാരം - ചുക്കു മുളകു തിപ്പലി, നാഗപ്പുവ്‌, ഇന്തുപ്പ്‌ ഇവ സമാംശമായി എടുത്തു മുലപ്പാലില്‍ അരച്ച്‌ അരിച്ചതിനുശേഷം നസ്യം ചെയ്യുക. കഫജമായ സന്നിപാതം ശമിക്കും. ദേവദാര്‍വാദി-- ദേവതാരു നതം കുഷ്ഠം മധുകം ചന്ദനദ്വയം പിഷ്ട്വാ സ്തന്യേന ലുളിതം വാതസന്നികുലാന്തകം. 92 സാരം - ദേവതാരം, തകരം, കൊട്ടം, ഇരട്ടിമധുരം, ചന്ദനം, രക്തചന്ദനം ഇവ മുലപ്പാലില്‍ അരച്ച്‌ അതുകൊണ്ടു നസ്യം ചെയ്യുക. വാതജമായ സന്നിപാതം ശമിക്കും. കാലാശ്ൃംഗാദി- കാലാശ്ൃംഗേണ രുദ്രാക്ഷം ൨ ശാരിബാബ്ദലാജൈഃ (ഖ)",ഉന്മാദം,33,Vaidyamanorama — full-PDF disease/treatment extraction
dt_069,disease_treatment_qa,അപസ്മാരം രോഗാവസ്ഥയിൽ ഉപയോഗിക്കേണ്ട ഔഷധപ്രയോഗം ഏതാണ്?,"ം-- ഗജാസ്ഥിഗൈരികനിശാചൂര്‍ണ്ണം മാക്ഷികസംയുതം 23 പ്രലേപയേല്‍ കിണം ഹന്യാല്‍ കേവലം വാ ഗജാസ്ഥിജം സാരം - ആനയുടെ അസ്ഥി, കാവിമണ്ണ്‌, മഞ്ഞള്‍ ഇവയോ ആനയുടെ അസ്ഥി തനിച്ചോ പൊടിച്ചു തേനില്‍ കുഴച്ചു തേച്ചാല്‍ മസുരിനിമിത്തം ഉണ്ടായിട്ടുള്ള പാടു ശമിക്കും. സാംക്രമികരോഗങ്ങള്‍ ത്വഗക്ഷിരോഗാപസ്മാരരാജയക്ഷ്മമസൂരികാഃ 24 ദര്‍ശനാല്‍ സ്പര്‍ശനാദ്‌ ദാനാല്‍ സംക്രാമന്തി പരസ്പരം സാരം - ത്വഗ്രോഗം (കുഷ്ഠം മുതലായവ), ന്രേതരോഗം, അപസ്മാരം, രാജ യക്ഷ്മാവ്‌, മസൂരി ഇവ കാണുകയോ സ്പര്‍ശിക്കുകയോ രോഗി എന്തെങ്കിലും ദാനം ചെയ്യുകയോ ചെയ്താല്‍ പകരുന്നവയാകുന്നു. വിസ്‌ഫോടചികിത്ധസാക്രമം വിസ്ഫോടലക്ഷണം- അഗിദഗ്ദ്ധനിഭൈ സ്ഫോടൈസ്സജ്രഃ പിത്തരക്തജഃ ക്വചില്‍ സര്‍വ്ര്ര വാ ദേഹേ വിസ്‌ഫോടക ഇതി സ്മൃതഃ മുട സാരം - പിത്തവും രക്തവും കോപിച്ചു ലരത്തോടു കൂടി തീപ്പൊള്ളല്‍ പോലെ ശരീരത്തില്‍ ചിലടത്തോ മുഴുവനുമോ ഉണ്ടാകുന്ന കുമളകള്‍ക്ക്‌ വിസ്ഫോടം എന്നു പേര്‍ പറയപ്പെടുന്നു.",അപസ്മാരം,313,Vaidyamanorama — full-PDF disease/treatment extraction
dt_070,disease_treatment_qa,വാതരോഗം ചികിത്സയ്ക്കായി ഈ ഗ്രന്ഥം നിർദ്ദേശിക്കുന്ന മാർഗം എന്താണ്?,"െയ്യു കാച്ചി സേവിച്ചാല്‍ ഗുന്മവും പ്ലീഹരോഗവും ശമിക്കും. ഇന്ദുകാന്തഘൃതം-- പുതീകദാരുദശമുലകഷായസിദ്ധം സക്ഷീരഷട്പലയുതം ഘൃതമിന്ദുകാന്തം വാതാമയക്ഷയമഹോദരഗുന്മശുല- നിമ്നോന്നതജ്രഹരം ബലവര്‍ദ്ധനം ച. 20 സാരം - ആവിത്തൊലി, ദേവതാരം, ദശമൂലം ഇവകൊണ്ടുള്ള കഷായത്തില്‍ ഷട്പലം (തിപ്പലി, കാട്ടുതിപ്പലിവേര്‍, കാട്ടുമുളകിന്‍വേര്‍, കൊടുവേലിക്കിഴങ്ങ്‌, ചുക്ക്‌, ഇന്തുപ്പ്‌) കഥിക്കമായി പാലും ചേര്‍ത്തു നെയ്യു കാച്ചി സേവിച്ചാല്‍ വാതരോഗം, ക്ഷയം, മഹോദരം, ഗുന്മം, ശുലം, കുറഞ്ഞും കൂടിയും വരുന്ന ജ്വരം ഇവ ശമിക്കും. ബലവും വര്‍ദ്ധിക്കും. ചെറുപഞ്ചമൂലം കഷായം-- ശ്രസ്വേന പഞ്ചമൂലേന ക്വാഥം തേനാഥവാ പയ. പിബേല്‍ പിത്തഭവേ ഗുന്മേ പൈത്തികേ ശുല ഏവ ച. മ സാരം - ചെറിയപഞ്ചമുലം (ഓരില, മൂവില, കറുത്തചുണ്ട, വെളുത്തചുണ്ട",വാതരോഗം,255,Vaidyamanorama — full-PDF disease/treatment extraction
dt_071,disease_treatment_qa,ഭഗന്ദരം എന്ന രോഗത്തിന് ഗ്രന്ഥത്തിൽ നിർദ്ദേശിക്കുന്ന ചികിത്സ എന്താണ്?,"‍ശോഗണ്ഡമാലാഭഗന്ദരാന്‍ സാരം - നാല്‍പാമരത്തൊലി കഷായം വെച്ചു അതില്‍ പൊയ്യെഴുക്‌, കൊട്ടം, മുത്തങ്ങാക്കിഴങ്ങ്‌, പാടക്കിഴങ്ങ്‌, മഞ്ഞള്‍, മരമഞ്ഞള്‍തൊലി, ഇരട്ടിമധുരം, താതി രിപ്പുവ്‌, നറുനീണ്ടിക്കിഴങ്ങ്‌, ചെങ്ങഴിനിര്‍ക്കിഴങ്ങ്‌, പരുത്തിക്കുരു, ്രിഫലത്തോട്‌, ചന്ദനം, രാമച്ചം, ഇരുവേലി ഇവ കല്‍ക്കമായി എണ്ണ കാച്ചി എടുക്കുക. ഈ എണ്ണ പ്രമേഹക്കുരുക്കളേയും ദുഷ്ടരവണങ്ങള്‍, കുഷ്ഠം, വട്ടപ്പുണ്ണ്‌, അര്‍ശസ്സ്‌, ഗണ്ഡമാല, ഭഗന്ദരം ഇവയേയും ശമിപ്പിക്കും. രക്ത്്രാവവിധി--- പ്രമേഹപിടകാനാം പ്രാക്‌ കാര്യം രക്താവസേചനം ഘൃതേന സേചനം തദ്ധല്‍ ഘൃതതൈലേന വാ പുനഃ. 59 ജളൂകാഭിര്‍ഹൃതേ രക്തേ സേചയേത്തദ്രവണം മൃദു സാരം - പ്രമേഹക്കുരുക്കള്‍ക്ക്‌ ആദ്യമേ രക്താവസേചനം ചെയ്യണം. അതു പോലെ നെയ്യുകൊണ്ടോ നെയ്യും എണ്ണയും ചേര്‍ത്തോ ധാര കോരുകയും ചെയ്യാം. അട്ടയിട്ടു രക്തമെടുത്തുകളഞ്ഞാല്‍ ആ ദ്രണത്തെ മൃദുവാകുംവണ്ണം കഴുകണം. സോമരോഗചികിത്സ സോമരോഗലക്ഷണം- ശോകാച്രുമാദ്വാ വനിതാതിസംഗാല്‍ ഗരേണ ചാപഃ ക്ഷുഭിതാഃ സ്രവന്തി",ഭഗന്ദരം,238,Vaidyamanorama — full-PDF disease/treatment extraction
dt_072,disease_treatment_qa,ശിരോരോഗം രോഗത്തിന്റെ ചികിത്സയായി ഗ്രന്ഥം എന്താണ് പറയുന്നത്?,"്പും തിപ്പലിപ്പൊടിയും തേനും മേമ്പൊടി ചേര്‍ത്ത്‌ സേവിച്ചാല്‍ കണ്ഠരോഗം ശമിക്കും. അസനവിലാദി തൈലം അസനവിലബലാമൃതപാചിതേ മധുകനാഗരകത്രിഫലാമ്പിതേ പ്യസി തൈലമിദം പയസാ പചേ- ദ്ദനകര്‍ണ്ണശിരോക്ഷിരുജാപഹം. 24 സാരം - വേങ്ങക്കാതല്‍, കുവളത്തിന്‍വേര്‍, കുറുന്തോട്ടിവേര്‍, അമൃത്‌ ഇവ കൊണ്ടുള്ള കഷായത്തില്‍ ഇരട്ടിമധുരം, ചുക്ക്‌, ത്രിഫലത്തോട്‌ ഇവ കല്ക്കമായി പാല്‍ ചേര്‍ത്ത്‌ എണ്ണ കാച്ചി എടുക്കുക. ഈ തൈലം മുഖരോഗം, കര്‍ണ്ണരോഗം, ശിരോരോഗം, ന്രേതരോഗം ഇവയെ ശമിപ്പിക്കും. ബലാഹഠാദി തൈലം- ബലാഹറഠാമൃതാമുദ്ഗമാഷക്വാഥേ തിലോദ്ഭവം പക്ത്വാ ശിരോരുജം ഹന്തി ചന്ദനാമയയഷ്ടിഭിഃ. 25 സാരം - കുറുന്തോട്ടിവേര്‌, പച്ചനെല്ലിക്ക, അമൃത്‌, ചെറുപയര്‍, ഉഴുന്ന്‌ ഇവ കൊണ്ടുള്ള കഷായത്തില്‍ ചന്ദനം, കൊട്ടം, ഇരട്ടിമധുരം ഇവ കല്ക്കമായി എണ്ണ കാച്ചി ഉപയോഗിച്ചാല്‍ തലവേദന ശമിക്കും.",ശിരോരോഗം,417,Vaidyamanorama — full-PDF disease/treatment extraction
dt_073,disease_treatment_qa,കണ്ഠരോഗം ബാധിച്ചാൽ ഗ്രന്ഥപ്രകാരം എന്ത് ചികിത്സയാണ് ചെയ്യേണ്ടത്?,", കുറുന്തോട്ടിവേര്‍, അമൃത്‌, കുവളത്തിന്‍വേര്‍, തുള സിക്കതിര്‍, ദേവതാരം ഇവ കൊണ്ടുള്ള കഷായം തേന്‍ മേമ്പൊടി ചേര്‍ത്തു കൊടു ത്താല്‍ ജിഹ്വാരോഗം ശമിക്കും. കണ്ഠരോഗത്തിന്‌_- (കുലത്ഥാദി ക്വാഥം) കുലത്ഥമുദ്ഗനിര്‍ഗുണ്ഡിശുണ്ഠീസൈന്ധവസംഭവഃ ക്വാഥഃ കണാരജോയുക്തഃ സക്ഷ്രദഃ കണ്ഠരോഗഹാ. 23 സാരം - മുതിര, ചെറുപയറ്‌, കരിനൊച്ചിയില, ചുക്ക്‌ ഇവ കൊണ്ടുള്ള കഷായം ഇന്തുപ്പും തിപ്പലിപ്പൊടിയും തേനും മേമ്പൊടി ചേര്‍ത്ത്‌ സേവിച്ചാല്‍ കണ്ഠരോഗം ശമിക്കും. അസനവിലാദി തൈലം അസനവിലബലാമൃതപാചിതേ മധുകനാഗരകത്രിഫലാമ്പിതേ പ്യസി തൈലമിദം പയസാ പചേ- ദ്ദനകര്‍ണ്ണശിരോക്ഷിരുജാപഹം. 24 സാരം - വേങ്ങക്കാതല്‍, കുവളത്തിന്‍വേര്‍, കുറുന്തോട്ടിവേര്‍, അമൃത്‌ ഇവ കൊണ്ടുള്ള കഷായത്തില്‍ ഇരട്ടിമധുരം, ചുക്ക്‌, ത്രിഫലത്തോട്‌ ഇവ കല്ക്കമായി പാല്‍ ചേര്‍ത്ത്‌ എണ്ണ കാച്ചി എടുക്കുക. ഈ തൈലം മുഖരോഗം, കര്‍ണ്ണരോഗം, ശിരോരോഗം, ന്രേതരോഗം ഇവയെ ശമിപ്പിക്കും. ബലാഹഠാദി തൈലം- ബലാഹറഠാമൃതാമുദ്ഗമാഷക്വാഥേ തിലോദ്ഭവം പക്ത്വാ ശിരോരുജം ഹന്തി ചന്ദനാമയയഷ്ടിഭിഃ. 25 സാരം - കുറുന്തോട്ടിവേര്‌, പച്ചനെല്ലിക്ക, അമൃത്‌, ചെറുപയര്‍, ഉഴുന്ന്‌ ഇവ കൊണ്ടുള്ള കഷായത്തില്‍ ചന്ദനം, കൊട്ടം, ഇരട്ടിമധുരം ഇവ കല്ക്കമായി എണ്ണ കാച്ചി ഉപയോഗിച്ചാല്‍ തലവേദന ശമിക്കും.",കണ്ഠരോഗം,417,Vaidyamanorama — full-PDF disease/treatment extraction
dt_074,disease_treatment_qa,പ്രതിശ്യായം രോഗാവസ്ഥയിൽ ഉപയോഗിക്കേണ്ട ഔഷധപ്രയോഗം ഏതാണ്?,"പ്രതിശ്യായചികിത്സാക്രമം വട പീനസത്തിന്‌-- (പടോലാദി തൈലം?) പടോലസ്വരസേ സിദ്ധം തന്മൂലേന ച ക്ക്കിതം [1 തൈലം പയോയുതം ഹന്യാല്‍ പ്രതിശ്യായം ന സംശയഃ സാരം - കയ്പന്‍പടവലത്തിന്റെ നീരില്‍ പടവലത്തിന്‍വേര്‍ കല്ക്കമായി പാലും ചേര്‍ത്ത്‌ കാച്ചിയെടുത്ത തൈലം നിശ്ചയമായും പിനസത്തെ ശമിപ്പിക്കും. താമലക്യാദി കഷായം-- താമലകൃഭയാകൃഷ്ണാചവികാനാഗരൈഃ ശൃതം മ തോയം പീനസദുര്‍ന്നാമശുലശോഷാഗ്നിമാന്ദ്യജില്‍ സാരം - കീഴാനെല്ലിവേര്‍, കടുക്കാത്തോട്‌, തിപ്പലി, കാട്ടുതിപ്പലിവേര്‍, ചുക്ക്‌ ഇവ കൊണ്ടുള്ള കഷായം പിനസം, അര്‍ശസ്സ്‌, ശുലം, ശോഷം, അഗ്നിമാന്ദ്യം ഇവയെ ശമിപ്പിക്കും. ദശമൂലാദി കഷായം-- കവോഷ്ണം ദശമൂലാംബു പ്രപിബേച്ച സമാഹിതഃ 3 രജനീക്വഥിതം തോയം പിപ്പലീചൂര്‍ണ്ണസംയുതം സക്ഷ്ദ്രം പീതമാത്രേണ പ്രാണിനാം പീനസം ജയേല്‍. 14 സാരം - ദശമുലകഷായം ചെറുചുടേ കൂടിക്കുകയോ മഞ്ഞള്‍ കൊണ്ടുള്ള കഷായത്തില്‍ തിപ്പലിപ്പൊടിയും തേനും മേമ്പൊടി ചേര്‍ത്തു സേവിക്കുകയോ ചെയ്താല്‍ ഉടന്‍ തന്നെ പീനസം",പ്രതിശ്യായം,415,Vaidyamanorama — full-PDF disease/treatment extraction
dt_075,disease_treatment_qa,സന്നിപാതം ചികിത്സയ്ക്കായി ഈ ഗ്രന്ഥം നിർദ്ദേശിക്കുന്ന മാർഗം എന്താണ്?,"34 വൈദ്യമനോരമ സസ്തന്യം യോജയേദ്ധിമം ദാഹമോഹാധികേ തീവ്രേ പൈത്തികേ സാന്നിപാതികേ. 83 സാരം - കലംകൊമ്പും രുദ്രാക്ഷവും കുടി മുലപ്പാലില്‍ അരച്ചു നസ്യം ചെയ്യുക. സര്‍വാംഗം ചുട്‌, മോഹാലസ്യം മുതലായവയോടുകുടിയതും കഠിനവുമായ പിത്ത ജസന്നിപാതം ശമിക്കും. സര്‍വജരേ- (മഹാവത്സകാദി ക്വാഥം) വത്സകാരഗ്വധം പാഠാ വചാകടുകുരോഹണി ദേവദാരു ഹരിദ്രേ ദ്വേ പടോലം ധമ്പയാഷകം. 94 പര്‍പ്പടോശീരമധുകം ്രിബേരഞ്ച ബലാമൃതേ പുഷ്കരാഹ്വയകാരിഷ്ടചന്ദനം കടുകത്രയം. 95 ത്രിഫലാ സഹദേവീ ച മൂര്‍വാ വിലഫലാനി ച പിപ്പലിമൂലമുസ്താ ച വാശാ പത്മസ്യ കേസരം. 96 ഖര്‍ജുരം മധുകം ഭാര്‍ങ്ഗി മൃദ്ധീകോല്പലധാന്യകം കുഷ്ഠഞ്ചാതിവിഷാ വ്യാധഘീ ശാരിബാ ച ശതാവരി. 97 ക്വാഥോ/യമേതൈര്‍മ്മദ്ധവാഷ്്യോ ജീര്‍ണ്ണജ്വരമപോഹതി അസൌഈ ചാതുര്‍ത്ഥികം ചാപി തൃതീയകമഥാപി വാ. 98 സാന്നിപാതജ്വരം ഘോരം ശീതികാമാശു നാശയേല്‍. സാരം - കുടകപ്പാലയരി, കൊന്നത്തൊലി, പാടക്കിഴങ്ങ്‌, വയമ്പ്‌, കടുകുരോ ഹണി, ദേവതാരം, മഞ്ഞളും മരമഞ്ഞളും, പടവലം, കൊടിത്തുവവേര്‍, പര്‍പ്പടക പൂട്ട്‌, രാമച്ചം, ഇരട്ടിമധുരം, ഇരുവേലി, കുറുന്തോട്ടിവേര്‍, അമൃത്‌, പുഷ്കരമൂലം,",സന്നിപാതം,34,Vaidyamanorama — full-PDF disease/treatment extraction
dt_076,disease_treatment_qa,വിഷം എന്ന രോഗത്തിന് ഗ്രന്ഥത്തിൽ നിർദ്ദേശിക്കുന്ന ചികിത്സ എന്താണ്?,"മദാ- ര്‍ശോ/ സ്ഥിസംഡ്രാവമോഹാന്‍ പാപം ഗംഗാധരാംരഘിസ്മരണമിവ ഹരം- ത്യാശു മൂത്രാമയാംശ്ച. 32 സാരം - നിലപ്പനക്കിഴങ്ങിന്റെ നീരില്‍ ഇരട്ടിമധുരം, മുത്തങ്ങാക്കിഴങ്ങ്‌, (്രിഫ ലത്തോട്‌, മാങ്ങയണ്ടിപ്പരിപ്പ്‌, പാടക്കിഴങ്ങ്‌, അമുക്കുരം, കുവനുറ്‌, പാച്ചോറ്റിത്തൊ ലി, കദളിവാഴമാണം, ചന്ദനം, ഇരുവേലി, തേറ്റാമ്പരല്‍, ഞെരിഞ്ഞില്‍, താമരയല്ലി, കൊട്ടം ഇവ കല്ക്കമായി പാലും ചേര്‍ത്തു നെയ്യു കാച്ചിയെടുത്ത്‌ സേവിച്ചാല്‍ പ്രദരം, കൈവിഷം, മദ്യപാനമദം, അര്‍ശസ്സ്‌, അസ്ഥി്സാവം, മോഹാലസ്യം, മൂത്ര രോഗം ഇവ ശമിക്കും. ഇതി വൈദ്യമനോരമായാം ചികിത്സാക്രമേ അസ്ൃഗ്ദരാദിചികിത്സാക്രമോ നാമ തൃതീയോ/ദ്ധ്യായഃ ഇങ്ങനെ വൈദ്യമനോരമ എന്ന ചികിത്സാക്രമത്തില്‍ അസൃഗ്ദര ചികിത്സ എന്ന മുന്നാമത്തെ അദ്ധ്യായം കഴിഞ്ഞു. ചതൂര്‍ത്ഥോ/ദ്ധ്യായഃ കാസചികിത്സാക്രമം കേവലവാതകാസത്തിന്‌-_ ശോധനാദിഗണപ്രോക്തൈര്‍- ഭ്രദദാര്‍വാദിഭിര്‍ഗ്ഗണൈഃ സിദ്ധൈരുപാചരേല്‍ സ്നേഹൈഃ കാസം കേവലവാതജം. 1",വിഷം,84,Vaidyamanorama — full-PDF disease/treatment extraction
dt_077,disease_treatment_qa,ഉദരം രോഗത്തിന്റെ ചികിത്സയായി ഗ്രന്ഥം എന്താണ് പറയുന്നത്?,"്ഷേപകവാതം, ഹനുവിനുള്ള പിടിത്തം, തലവേദന, മുടന്തുവാതം, അപബാ ഹുകം, കൈയ്ക്കുവേദന, കാലിനു വേദന, ചെവിക്കുവേദന ഇവ ശമിക്കുന്നതു കൂടാതെ എല്ലാ വാതവും ശമിക്കും. വില്വാദി കഷായം-- വില്രഷധക്ഷഥിതമംബു നിഷേവ്യമാണ- മാനാഹഗുന്മജഠരാരുചിവാതരോഗാന്‍ ഛര്‍ദ്ൃഗ്ന്യപാടവശിരഃ്രവണോരുപൃഷ്ഠ- ഹൃല്‍പാര്‍ശ്വശുലവികൃതീന്‍ പരിമാര്‍ഷ്ട്യശേഷാന്‍. 77 സാരം - കൂവളത്തിന്‍വേരും ചുക്കും കൂടി കഷായം വച്ച്‌ സേവിച്ചാല്‍ മേവ യറുവിര്‍പ്പ്‌, ഗുന്മം, ഉദരം, അരുചി, വാതരോഗം, ഛര്‍ദ്ദി, ദഹനമില്ലായ്മ, ശിരസ്സ്‌, ചെവി, തുട, പൃഷ്ഠം, ഹൃദയം, പാര്‍ശ്വഭാഗം ഈ സ്ഥാനങ്ങളിലുണ്ടാകുന്ന വേദന ഇവ ശമിക്കും. ശുണ്ദ്യാദി കഷായം- ശുണ്ഠീബലാനാഗരസിദ്ധമംബു ജരാങ്ഗഭങ്ഗാരുചിരോമഹര്‍ഷാന്‍ ഹൃല്‍പാര്‍ശ്വപൃഷ്ഠ്രശവണോരുശൂല-- വാതാമയച്ഛര്‍ദിഹരം വിശേഷാല്‍ 28 സാരം - ചുക്ക്‌, കുറുന്തോട്ടിവേര്‍, മുത്തങ്ങാക്കിഴങ്ങ്‌ ഇവ കഷായം വച്ചു സേവി ച്ചാല്‍ ജ്വരം, അങ്ഗഭംഗം (ശരീരം നുറുങ്ങി നോവുക), അരുചി, രോമാഞ്ചം ഇവയും വിശേഷിച്ച്‌ ഹൃദയശുലം, പാര്‍ശ്വശുലം, പൃഷ്ഠശുലം, ചെവിക്കു വേദന, തുടയ്ക്കു വേദന, വാതരോഗം, ഛര്‍ദ്ദി ഇവയും ശമിക്കും. കോഷ്ഠവാതത്തിന്‌_- (നിര്‍ഗുണ്ഡ്യാദി) നിര്‍ഗുണ്ഡ്യഗ്യ്യഭയാകൃഷ്ണാകുലസ്ഥൈഃ സാധിതം ജലം ശുണ്ഠൃഗ്നിവര്‍ഷാഭൂഭിര്‍വാ കോഷ്ഠവാതഹരം പരം. 29",ഉദരം,347,Vaidyamanorama — full-PDF disease/treatment extraction
dt_078,disease_treatment_qa,ജ്വരം ബാധിച്ചാൽ ഗ്രന്ഥപ്രകാരം എന്ത് ചികിത്സയാണ് ചെയ്യേണ്ടത്?,"യ ദോഷവേഗോദയോ യതഃ സാരം - ചിലര്‍ ഓഷധം കൊടുക്കുന്നത്‌ ഏഴു ദിവസത്തിനുശേഷമേ ആകാവു എന്നും മറ്റുചിലര്‍ പത്തു ദിവസം കഴിഞ്ഞേ ആകാവു എന്നും അന്യന്മാര്‍ ലഘു വായ അന്നം ഭുജിച്ചതിനുശേഷമേ ഒയഷധമുപയോഗിക്കാവു എന്നും പറയുന്നു. ഏതായാലും ആമാധിക്യമുള്ളപ്പോള്‍ ഓഷധം കൊടുക്കരുത്‌. എന്തെന്നാല്‍ കഠി നമായ ജവരമുള്ളവന്‍ അതു ദോഷവേഗോദയത്തിനു കാരണമായിത്തീരും. ദോഷേ/ഥവാതിനിചിതേ ത്രന്രാസ്തൈമിത്യകാരിണി. മ അപച്യമാനം ഭൈഷജ്യം ഭൂയോ ജലയതി ജ്വരം സാരം - അല്ലെങ്കില്‍ ദോഷം അധികമായി വര്‍ദ്ധിച്ച്‌ മടി, സ്തൈമിത്യം (നിശ്ച ലത്വം) ഇവയെ ഉണ്ടാക്കുകനിമിത്തം ദഹിക്കാത്തതായ ഓഷധം വീണ്ടും ജരത്തെ ജലിപ്പിക്കുന്നു. മൃദൂര്‍ജ്ജ്വരോ ലഘൂര്‍ദ്ദേഹശ്ചലിതാശ്ച മലാ യദാ. 13 അചിരജ്ചരിതസ്യാപി ഭൈഷജ്യം യോജയേത്തദാ. സാരം - ജരത്തിനു കുറവ്‌, ദേഹത്തിനു കനക്കുറവ്‌, ദോഷങ്ങള്‍ക്ക്‌ ഇളക്കം ഇവയുണ്ടായാല്‍ പെട്ടെന്നുണ്ടായ ജരത്തിനും ഓഷധം കൊടുക്കാം. പല്ലംഘന",ജ്വരം,14,Vaidyamanorama — full-PDF disease/treatment extraction
dt_079,disease_treatment_qa,പാണ്ഡു രോഗാവസ്ഥയിൽ ഉപയോഗിക്കേണ്ട ഔഷധപ്രയോഗം ഏതാണ്?,"തീവ ദുഷ്ടം പ്രവര്‍ത്തതേ യോന്യയനാദകാലേ/- പ്യസൃഗ്ദരം തല്‍ പ്രദരം ച വിദ്യാല്‍. | സാരം - ദുഃഖിക്കുക, പട്ടിണി കിടക്കുക, അതിമൈഥുനം ചെയ്യുക, ഉള്‍പുഴു ക്കമുണ്ടാക്കുന്ന അന്നങ്ങള്‍ ഉപയോഗിക്കുക ഇവകൊണ്ട്‌ രക്തം ഏറ്റവും ദുഷിച്ച്‌ യോനിമാര്‍ഗ്ഗത്തില്‍കൂടി അകാലത്തില്‍ പുറപ്പെടുന്നു. ഇതിനെ അസൃഗ്ദരമെന്നും പ്രദരമെന്നും പറയുന്നു. വാതാദ്യസൃഗ്ദരലക്ഷണം- വാതാധ്രക്തം ഫേനിലം ശ്യാവമച്ചം, പിത്താല്‍ പിതം വി്രമുഷ്ണം ച കൃഷ്ണം, പാണ്ഡുസ്നിഗ്ദ്ധം ശ്ലേഷ്മതസ്തന്തുമച്ച ത്രത ത്യാജ്യം സര്‍വജം സര്‍വലിങ്ഗം. മ സാരം - വാതജമായ അസൃഗ്ദരത്തില്‍ രക്തം പതയോടുകുടിയും കരുവാ ളിച്ചും നിര്‍മ്മലമായും പിത്തജമായ അസൃഗ്ദരത്തില്‍ മഞ്ഞനിറത്തിലും ദുര്‍ഗന്ധ ത്തോടും ചുടോടും കുടിയും കറുത്തും, കഫജമായ അസൃഗ്ദരത്തില്‍ വെളുത്തും സ്നിഗ്ദ്ധമായും നൂലൂപാകിയും ഇരിക്കും. മുന്നു ദോഷകോപങ്ങളുടെ ലക്ഷണ ങ്ങളോടുകുടിയതും (്രിദോഷജവും ആയ അസുഗ്ദരം ത്യാജ്യമാകുന്നു. അസൃഗ്ദരചികിത്സ-- രക്തം യോന്യാമസ്ൃഗ്വര്‍ണ്ണൈരനുബന്ധമവേക്ഷ്യ ച",പാണ്ഡു,75,Vaidyamanorama — full-PDF disease/treatment extraction
dt_080,disease_treatment_qa,കുഷ്ഠം ചികിത്സയ്ക്കായി ഈ ഗ്രന്ഥം നിർദ്ദേശിക്കുന്ന മാർഗം എന്താണ്?,". ഗോമുത്രഹരീതകീ- പത്ഥ്യാശതദ്വയം മൂത്ര ദ്രോണേനാമുധ്രസംക്ഷയാല്‍ പക്ത്വാ ഖാദേല്‍ സമധുനീ ദ്വേ ദ്വേ ഹന്തി കഫോദ്ഭവാന്‍. 7 ദൂര്‍ന്നാമകുഷ്ഠശ്വയഥു- ഗുന്മമേഹോദരക്ൃമീന്‍ ഗ്രന്ഥ്യര്‍ബുദാപചീസ്ഥാല്യ-- പാണ്ഡുരോഗാഡ്യമാരുതാന്‍. ി സാരം - ഇരുനൂറു കടുക്ക പതിനാറിടങ്ങഴി ഗോമൂത്രത്തില്‍ പാകംചെയ്തു ഗോമുര്രമെല്ലാം കടുക്കയില്‍ പിടിപ്പിച്ചു വാങ്ങി വച്ചിരുന്നു തേന്‍ കൂട്ടി ഈരണ്ടു കടുക്കാവിതം സേവിച്ചാല്‍ കഫജങ്ങളായ അര്‍ശസ്സ്‌, കുഷ്ഠം, ശോഫം, ഗുന്മം, മഹോദരം, കൃമി ഇവയും ഗ്രന്ഥി, അര്‍ബുദം, അപചി, സ്ഥല്യരോഗം, പാണ്ഡു രോഗം, ആഴ്്യവാതം ഇവയും ശമിക്കും. ദുസ്പര്‍ശകാദി കഷായം-- ദുസ്പര്‍ശകേന വില്വേന യവാന്യാ നാഗരേണ വാ ഏകൈകേനാപി സംയുക്താ പാഠാ ഹന്ത്യര്‍ശസാം രുജം. [5] സാരം - കൊടിത്തുവവേര്‍, കുവളത്തിന്‍വേര്‍ കുറാശാണി, ചുക്ക്‌ ഇവയില്‍",കുഷ്ഠം,166,Vaidyamanorama — full-PDF disease/treatment extraction
dt_081,disease_treatment_qa,കാസം എന്ന രോഗത്തിന് ഗ്രന്ഥത്തിൽ നിർദ്ദേശിക്കുന്ന ചികിത്സ എന്താണ്?,"േവിച്ചാല്‍ പ്രദരം, കൈവിഷം, മദ്യപാനമദം, അര്‍ശസ്സ്‌, അസ്ഥി്സാവം, മോഹാലസ്യം, മൂത്ര രോഗം ഇവ ശമിക്കും. ഇതി വൈദ്യമനോരമായാം ചികിത്സാക്രമേ അസ്ൃഗ്ദരാദിചികിത്സാക്രമോ നാമ തൃതീയോ/ദ്ധ്യായഃ ഇങ്ങനെ വൈദ്യമനോരമ എന്ന ചികിത്സാക്രമത്തില്‍ അസൃഗ്ദര ചികിത്സ എന്ന മുന്നാമത്തെ അദ്ധ്യായം കഴിഞ്ഞു. ചതൂര്‍ത്ഥോ/ദ്ധ്യായഃ കാസചികിത്സാക്രമം കേവലവാതകാസത്തിന്‌-_ ശോധനാദിഗണപ്രോക്തൈര്‍- ഭ്രദദാര്‍വാദിഭിര്‍ഗ്ഗണൈഃ സിദ്ധൈരുപാചരേല്‍ സ്നേഹൈഃ കാസം കേവലവാതജം. 1",കാസം,84,Vaidyamanorama — full-PDF disease/treatment extraction
dt_082,disease_treatment_qa,അതിസാരം രോഗത്തിന്റെ ചികിത്സയായി ഗ്രന്ഥം എന്താണ് പറയുന്നത്?,"(1) കുവളത്തിന്‍വേര്‍, മുത്തങ്ങാക്കിഴങ്ങ്‌, അതിവിടയം, കുടകപ്പാലയ രി, പഞ്ചകോലം (തിപ്പലി, കാട്ടുതിപ്പലിവേര്‍, കാട്ടുമുളകിന്‍വേര്‍, കൊടുവേലിക്കിഴ ഒ, ചുക്ക്‌) ഇവയോ (2) കാട്ടുതിപ്പലിവേര്‍, മുത്തങ്ങാക്കിഴങ്ങ്‌, കുവളത്തിന്‍വേര്‍, തിപ്പലി, കുടകപ്പാലയരി, ചുക്ക്‌ ഇവയോ (3) ചുക്ക്‌, ഇരുവേലി, കുവളത്തിന്‍വേര്‍, കുടകപ്പാലത്തൊലി, മുത്തങ്ങ ഇവയോ കഷായം വച്ചു സേവിക്കുക. ദഹന ക്കേടോടും ശുലം, രക്തംപോക്ക്‌ ഇവയോടും കൂടിയ അതിസാരം ശമിക്കും. ശുണ്ഠീസമങ്ഗാദി കഷായം- ശുണ്ഠിസമങ്ഗാതിവിഷാബ്ദവിലവ- പാഠാകണാദീപ്യകവത്സകോത്ഥഃ ക്വാഥോ നിഹന്യാദതിസാരമാശു സാമം സശൂലം സകഫം സരക്തം. വ സാരം - ചുക്ക്‌, പടര്‍ച്ചുണ്ടവേര്‍, അതിവിടയം, മുത്തങ്ങാക്കിഴങ്ങ്‌, കുവള ത്തിന്‍വേര്‍, പാടക്കിഴങ്ങ്‌, തിപ്പലി, അയമോദകം, കുടകപ്പാലയരി ഇവകൊണ്ടുള്ള കഷായം ദഹനക്കേട്‌, ശൂലം, കഫം, രക്തം ഇവയോടുകുടിയ അതിസാരത്തെ വേഗ ത്തില്‍ ശമിപ്പിക്കും. പിപ്പല്യാദി യോഗദ്ധയം-- പിപ്പല്യതിവിഷാമുസ്തധന്വയാഷകവാളകം പാഠാവത്സകണാമുസ്തവചാശ്ച കടുരോഹണീ. [1 ശ്ലോകാര്‍ദ്ധകഥിതാ ക്വാഥാവാമാതിസാരനാശനൌ. സാരം - (1) തിപ്പലി, അതിവിടയം, മുത്തങ്ങ, കൊടിത്തുവവേര്‍, ഇരുവേലി ഇവയോ (2) പാടക്കിഴങ്ങ്‌, കുടകപ്പാലയരി, തിപ്പലി, മുത്തങ്ങ, വയമ്പ്‌, കടുരോ ഹണി ഇവയോ കഷായം വച്ചു സേവിക്കുക. ആമാതിസാരം ശമിക്കും. വിശ്വാദി കഷായം-- ക",അതിസാരം,180,Vaidyamanorama — full-PDF disease/treatment extraction
dt_083,disease_treatment_qa,ഗ്രഹണി ബാധിച്ചാൽ ഗ്രന്ഥപ്രകാരം എന്ത് ചികിത്സയാണ് ചെയ്യേണ്ടത്?,"ഗുദജ്രഗഹണീകഫമാരുതാന്‍. മ സാരം - പാടക്കിഴങ്ങ്‌, അയമോദകം, കൊത്തമ്പാലരി, ഞെരിഞ്ഞില്‍, പഞ്ച കോലം (തിപ്പലി, കാട്ടുത്തിപ്പലിവേര്‍, കാട്ടുമുളകിന്‍വേര്‍, കൊടുവേലിക്കിഴങ്ങ്‌, ചുക്ക്‌) കൂവളത്തിന്‍വേര്‍ ഇവ നെയ്യിന്റെ നാലിരട്ടി പുളിയാരിലനീരില്‍ അരച്ചു കലക്കി ചെളിപാകത്തില്‍ തൈരും ചേര്‍ത്ത്‌ നെയ്യു കാച്ചി ഉപയോഗിക്കുക. മേല്‍വയറു വീര്‍പ്പ്‌, മുര്രകൃശ്ഛം, ്രവാഹിക (മുക്കല്‍), ഗുദ്രഭംശം, വയറ്റില്‍ വേദന, അര്‍ശസ്സ്‌, ഗ്രഹണി, കഫം, വാതം ഇവ ശമിക്കും. അപാമാര്‍ഗപ്രയോഗം-- അപാമാര്‍ഗ്ഗം തു സംപിഷ്ട്വാ പിബേത്തണ്ഡുലവാരിണാ രക്താര്‍ശസാം ഹിതമിദം പരമിത്യുദിതം ബുധൈഃ. 13 സാരം - ചെറുകടലാടി അരിക്കാടിയില്‍ അരച്ചു കലക്കി സേവിക്കുന്നതു രക്താര്‍ശസ്സുകള്‍ക്ക്‌ ഏറ്റവും ഹിതമാകുന്നു.",ഗ്രഹണി,167,Vaidyamanorama — full-PDF disease/treatment extraction
dt_084,disease_treatment_qa,പ്രമേഹം രോഗാവസ്ഥയിൽ ഉപയോഗിക്കേണ്ട ഔഷധപ്രയോഗം ഏതാണ്?,"ു വെച്ച്‌ ഇളക്കി ചട്ടുകത്തില്‍ പറ്റിത്തുടങ്ങുമ്പോള്‍ ഏലം, ഇലവര്‍ങം, പച്ചില, പാടക്കിഴങ്ങ്‌, ചുക്ക്‌, മുളക്‌, തിപ്പലി, ഞെരിഞ്ഞില്‍, ഇരട്ടിമധുരം, മുത്തങ്ങാക്കിഴ ഒ, പാല്‍മുതുക്കിന്‍ കിഴങ്ങ്‌, ജീരകം, കുവനുറ, കൊത്തമ്പാലരി ഇവ മൂന്നു കഴഞ്ചു വീതം പൊടിച്ചിട്ടു വാങ്ങി ആറിയാല്‍ 8 തുടം തേനും ചേര്‍ത്തു സുക്ഷിച്ചുവച്ചി രുന്നു സേവിക്കുക. ഈ ലേഹം മുര്രശുക്ം, അസ്ഥിസ്രാവം, ഹലിമകം, ഇരുപതു വിധം മുധ്രകൃശഛം, ഇരുപതു വിധം പ്രമേഹം ഇവയെ ശമിപ്പിക്കുന്നതു കൂടാതെ എല്ലാ ദോഷത്തെയും ശമിപ്പിക്കും. ഇതു വാജീകരവും ബല്പ്രദവും ആകുന്നു. വരണമൂലക്വാഥകല്‍ക്കപ്രയോഗം-- ക്വാഥോ വരണമുലസ്യ തല്‍കല്‍ക്കേന സമമ്പിതഃ പീതോ നിവാരയേല്‍ സദ്യഃ ശര്‍ക്കരാമശ്മരീമപി. ി സാരം - നീര്‍മാതളത്തിന്‍വേര്‍ കഷായം വെച്ച്‌ അതില്‍ അതു തന്നെ അരച്ചു കലക്കി സേവിച്ചാല്‍ കല്ലടപ്പും അശ്മരിയും പെട്ടെന്ന്‌ ശമിക്കും. യുഥീമുലാദി കഷായം- യൂഥീമൂലകുലത്ഥാഭ്യാം ശൃതഃ ക്വാഥോ ജയത്യലം ശര്‍ക്കരാം മുര്രകൃശഛം ച സദ്യ ഏവ ന സംശയഃ ടട സാരം - മുല്ലവേര്‍, പഴമുതിര ഇവ കൊണ്ടുള്ള കഷായം കല്ലടപ്പിനെയും മൂത്ര കൃശ്രത്തെയും നിശ്ചയമായും ശമിപ്പിക്കും.",പ്രമേഹം,224,Vaidyamanorama — full-PDF disease/treatment extraction
dt_085,disease_treatment_qa,രക്തപിത്തം ചികിത്സയ്ക്കായി ഈ ഗ്രന്ഥം നിർദ്ദേശിക്കുന്ന മാർഗം എന്താണ്?,തം അധികമായി പ്രവര്‍ത്തിക്കുന്ന രക്തപി ത്തവും അസാദ്ധ്യമാണെന്നു പണ്ഡിതന്മാര്‍ പറയുന്നു. ഈ കാരണങ്ങളാല്‍ അത്യന്തം മന്ദാഗ്നിയായിരിക്കുന്നവനുണ്ടാകുന്ന രക്തപിത്തവും അസാദ്ധ്യമാകുന്നു. കരടുകാമ്ലോഷ്ണരുക്ഷതിക്ഷ്ണങ്ങളായിരിക്കുന്ന ഒഷധങ്ങളാണ്‌ മന്ദാഗ്നിക്ക്‌ അഗ്നി വര്‍ദ്ധിക്കുന്നതിനുപയോഗിക്കേണ്ടത്‌. അങ്ങനെയുള്ള ഒഷധം കൊടുക്കുന്നത്‌ രക്ത പിത്തത്തിനു അപത്ഥ്യമാണ്‌. അതുകൊണ്ടാണ്‌ അത്യന്തം മന്ദാഗ്നിയായവന്നുണ്ടാ കുന്ന രക്തപിത്തം അസാദ്ധ്യമാണെന്നു മുമ്പു പറഞ്ഞത്‌. ര്രിദോഷങ്ങളും കോപി ച്ചുണ്ടാകുന്ന രക്തപിത്തത്തില്‍ ദോഷങ്ങള്‍ക്കു ബലാധിക്യമുള്ളതുകൊണ്ട്‌ അതും അസാദ്ധ്യമാകുന്നു. ലിപഥമായി അതായത്‌ ഈര്‍ദ്ധമാര്‍ഗ്ഗങ്ങളില്‍കൂടിയും അധോ മാര്‍ഗ്ഗങ്ങളില്‍കുടിയും ഒരേ സമയത്ത്‌ പ്രവര്‍ത്തിക്കുന്ന രക്തപിത്തം പ്രതിലോമ ഷധങ്ങളുടെ അഭാവം ഹേതുവായിട്ട്‌ അസാദ്ധ്യമാകുന്നു. “ശോധനം പ്രതിലോമം ച രക്തപിത്തേ ഭിഷഗ്ജിതം' എന്നതുകൊണ്ട്‌: ഈര്‍ദ്ധഗമായിരിക്കുന്ന രക്തപിത്ത ത്തിനു വിരേകമാണ്‌ പരമാഷധം. ഇവിടെ അതു ചെയ്യുമ്പോള്‍ അധോഗമായ രക്ത പിത്തം വര്‍ദ്ധിക്കും. അധോഗമായ രക്തപിത്തത്തിനു വമനമാണ്‌ ഒഷധം. അതു പ്രയോഗിക്കുമ്പോള്‍ ഈര്‍ദ്ധഗമായ രക്തപിത്തവും കോപിക്കും. ഈ കാരണങ്ങ േക്കൊണ്ട്‌ ദവിപഥമായ രക്തപിത്തത്തിനു ശോധന്റകിയ ഹിതമല്ല. 'സംസൃഷ്ടേഷു ഹി ദോഷേഷു സര്‍വജിച്ചുമനം ഹിതം',രക്തപിത്തം,63,Vaidyamanorama — full-PDF disease/treatment extraction
dt_086,disease_treatment_qa,ക്ഷയം എന്ന രോഗത്തിന് ഗ്രന്ഥത്തിൽ നിർദ്ദേശിക്കുന്ന ചികിത്സ എന്താണ്?,"ടുള്ള രക്തപിത്തം ശമിക്കും. ദുരാലഭായാഃ ക്വാഥസ്തു രക്തപിത്തനിബര്‍ഹണഃ. 3 സാരം - കൊടിത്തുവവേരുകൊണ്ടുള്ള കഷായം രക്തപിത്തഹരമാണ്‌. വാശാദി-- വാശാച്ഛിന്നരുഹാക്വാഥഃ സകൃഷ്ണഃ സസിതാമധുഭ ശോണിതോദ്ഗാരഹൃല്‍കാസക്ഷയഘ്നഃ സ്വരകൃല്‍ പരം. ദക സാരം - ആടലോടകത്തിന്‍വേര്‍, അമൃതു പടം കളഞ്ഞ്‌ ഇവകൊണ്ടുള്ള കഷായം തിപ്പലിപ്പൊടിയും പഞ്ചസാരയും തേനും മേമ്പൊടി ചേര്‍ത്തു സേവിച്ചാല്‍ രക്തത്തിന്റെ ചുവയോടുകുടിയ തികട്ടല്‍, ഹൃദ്രോഗം, കാസം, ക്ഷയം ഇവയെ ഹനി ക്കുന്നതും ഏറ്റവും സ്വരത്തിനു ശുദ്ധിയെ ഉണ്ടാക്കുന്നതുമാകുന്നു. ചന്ദനാദി-- ക്വാഥശ്ചന്ദനവിലാബ്ദപര്‍പ്പടോശീരസാധിതഃ ആശു പിത്താസൃജം ഹന്യാദൂര്‍ദ്ധ്ഗം ചാപ്യധോഗതം. 35 സാരം - ചന്ദനം, കുവളത്തിന്‍വേരിന്മേല്‍തൊലികളഞ്ഞ്‌, മുത്തങ്ങാക്കിഴങ്ങ്‌ മൊരികളഞ്ഞ്‌, പര്‍പ്പടകപ്പിള്ല്‌, രാമച്ചം ഇവ കഷായം വച്ചു സേവിക്കുക. മേല്പോട്ടും കരിട്പോട്ടും ഉള്ള രക്തപിത്തം വേഗത്തില്‍ ശമിക്കും. വടശ്യംഗാദി--. വടശ്യംഗോത്പലമധുക- ദ്രാക്ഷാമോചേക്ഷുകാഷ്മര്യഃ പത്മജകേസരസഹിതൈഃ സസിതാമധു രക്തജിത്പാക്യം. 36 സാരം - പേരാലിന്‍മൊട്ട്‌, ചെങ്ങഴിനീര്‍ക്കിഴങ്ങ്‌, ഇരട്ടിമധുരം, മുന്തിരിങ്ങാപ്പ ൭൦ കുരുകളഞ്ഞ്‌, ഇലവിന്‍പശ, നീലക്കരിമ്പിന്‍വേര്‍, കുമ്പിളിന്‍വേരിന്മേല്‍തൊലി കളഞ്ഞ്‌, താമരയല്ലി ഇവ കഷായം വച്ച്‌ ആറിയാല്‍ പഞ്ചസാരയും തേനും മേമ്പൊ ടി ചേര്‍",ക്ഷയം,69,Vaidyamanorama — full-PDF disease/treatment extraction
dt_087,disease_treatment_qa,കൃമി രോഗത്തിന്റെ ചികിത്സയായി ഗ്രന്ഥം എന്താണ് പറയുന്നത്?,"്‌, തിപ്പലി, ഇവയുടെ പൊടിയില്‍ ഒപ്പി കടിച്ചു തിന്നുകയോ കൊടുത്തുവവേര്‍ പൊടിച്ച്‌ തേനില്‍ കുഴച്ചു നക്കുകയോ ചെയ്താല്‍ ഛര്‍ദ്ദി ശമിക്കും. മനസ്സിന്‌ അഹിതങ്ങളായ സാധനങ്ങളുടെ ദര്‍ശനം, ,്ലാണം മുതലായവയാല്‍ ഉണ്ടായ ഛര്‍ദ്ദി, മനസ്സിനു ഹിതകരങ്ങളായ വസ്തുക്ക ളുടെ ദര്‍ശനം, (ഘാണം മുതലായവകൊണ്ടു ശമിക്കും. കൃമിജച്ഛര്‍ദ്ദിചികിത്സ-- ക്ൃമിജാ കൃമിഹൃദ്രോഗഗദിതൈശ്ച ഭിഷഗ്ജിതൈഃ യഥാസ്വം പരിശേഷാശ്ച തല്‍കൃതാശ്ച തഥാമയാഃ. 13 സാരം - കൃമിഹൃദ്രോഗത്തിനു പറഞ്ഞിരിക്കുന്ന ചികിത്സ ചെയ്താല്‍ കൃമിജ മായ ഛര്‍ദ്ദി ശമിക്കും. തണ്ണീര്‍ദാഹം, ദഹനക്കേട്‌, ദൌഹൃദം ഇവകൊണ്ടുണ്ടായ ഛര്‍ദ്ദിയും അവകൊണ്ടുണ്ടായ രോഗങ്ങളും അതിനു പറഞ്ഞിരിക്കുന്ന ചികിത്സ ചെയ്താല്‍ ശമിക്കും. വില്ധധാന്യകാദി കഷായം-- വില്വധാന്യകബലാമഹൌഷധൈര്‍- ലാജമുദ്ഗസഹിതൈശ്ശൃതം ജലം ഛര്‍ദ്ദിമാശു പിബതഃ സശര്‍ക്കരം ഹന്തി വാതകഫപിത്തജാമപി. രി സാരം - കുവളത്തിന്‍വേര്‍, കൊത്തമ്പാലരി, കുറുന്തോട്ടിവേര്‍, ചുക്ക്‌, മലര്‍, ചെറുപയറ്‌ ഇവ കഷായം വച്ച്‌ പഞ്ചസാര മേമ്പൊടി ചേര്‍ത്ത്‌ സേവിച്ചാല്‍ ത്രിദോ ഷജമായ ഛര്‍ദ്ദിയും ശമിക്കും.",കൃമി,141,Vaidyamanorama — full-PDF disease/treatment extraction
dt_088,disease_treatment_qa,പീനസം ബാധിച്ചാൽ ഗ്രന്ഥപ്രകാരം എന്ത് ചികിത്സയാണ് ചെയ്യേണ്ടത്?,"ി, കാട്ടുത്തിപ്പലിവേര്‍ ഇവ രണ്ടു പലംവീതം, ചുക്ക്‌ മുന്നു പലം, ഏലത്തരി, ഇലവര്‍ബത്തൊലി, പച്ചില, നാഗപ്പൂവ്‌, രാമച്ചം ഇവ മുന്നു കഴഞ്ചുവിതം എല്ലാം കൂടി പൊടിച്ച്‌ എല്ലാ മരുന്നുകളുടേയും മൂന്നിരട്ടി ശര്‍ക്കര ചേര്‍ത്തു വടകമാക്കി വച്ചിരുന്ന്‌ എല്ലായ്‌പ്പോഴും സേവിക്കുക. വാതകഫച്ചര്‍ദ്ദി, ഹണി, പാര്‍ശ്വവേദന, ഹൃദയവേദന, ജ്വരം, നീര്‍ക്കെട്ട്‌, പഠണ്ഡുത്വം, ഗുന്മം, മേല്‍വയറുവിര്‍പ്പ്‌, മദാത്യയം, അര്‍ശസ്സ്‌, ്രസേകം, പീനസം, വായുമുട്ടല്‍, ചുമ ഇവ ശമിക്കും. കാരവ്യാദി ചൂര്‍ണ്ണം--- കാരവ്യജാജിീമരിച്ര്രാക്ഷാവൃക്ഷാമൂഡാഡിമം സൌവര്‍ചലവിളക്ഷ്ദ്രം സര്‍വാരോചകനാശകൃല്‍. 72 സാരം - കരിഞ്ജീരകം, ജീരകം, നല്ലമുളക്‌, പുളിവേരിന്‍തൊലി, മാതളത്തോടും, തുവര്‍ചില ഉപ്പ്‌, വിളയുപ്പ്‌ ഇവ പൊടിച്ചു മുന്തിരിങ്ങാപ്പഴവും തേനും ചേര്‍ത്തു സേവിക്കുക. എല്ലാ അരോചകവും ശമിക്കും. മുസ്താദി മുഖധാവനയോഗങ്ങള്‍- മുസ്താത്വഗേലാധാന്യാനി ഹരിദ്രാമലകത്വചഃ ത്വക്‌ ച ദാര്‍വി യവാനി ച പിപ്പല്യസ്തേജവത്യപി. ി യവാനീ തിന്ത്രിണീകം ച പഞ്ചൈതേ മുഖധാവനാഃ. സാരം - (1) മുത്തങ്ങാക്കിഴങ്‌, ഇലവര്‍ങത്തൊലി, ഏലത്തരി, കൊത്തമ്പാല യരി; (2) മഞ്ഞള്‍, നെല്ലിക്കാത്തോട്‌, ഇലവര്‍ങത്തൊലി; (3) ഇലവര്‍ങത്തൊലി, മരമഞ്ഞള്‍ത്തൊലി, ജീരകം; (4)തിപ്പലി, ചെറുപ്പുന്നയരി; (5) ജീരകം, പുളിവേരി യ്മേത്തൊലി; ഈ",പീനസം,131,Vaidyamanorama — full-PDF disease/treatment extraction
dt_089,disease_treatment_qa,കാമല രോഗാവസ്ഥയിൽ ഉപയോഗിക്കേണ്ട ഔഷധപ്രയോഗം ഏതാണ്?,"പാണ്ഡുരോഗചികിത്സാരകമം 279 മഹാതിക്തഘൃതമോ ആരഗ്വധാദി ഗണം കൊണ്ടു കാച്ചിയ ഘൃതമോ ഉപയോഗ ക്കണം. വാശാദി കഷായം-- വാശാഗുളുചീയ്രിഫലാകട്വീഭുനിംബനിംബജഃ ക്വാഥഃ ക്ഷ്ര്രയുതോ ഹന്തി പാണ്ഡുപിത്താര്സകാമലാഃ. മ സാരം - ആടലോടകത്തിന്‍വേര്‍, ചിറ്റമൃത്‌, ത്രിഫലത്തോട്‌, പലകപ്പയ്യാനിവേ ര്‍്‌, പുത്തരിച്ചുണ്ടവേര്‍, വേപ്പിന്‍തൊലി ഇവകൊണ്ടുള്ള കഷായം തേന്‍ മേമ്പൊടി ചേര്‍ത്തു സേവിച്ചാല്‍ പാണ്ഡുരോഗം, രക്തപിത്തം, കാമല ഇവ ശമിക്കും. പുനര്‍ന്നവാദി കഷായം-- പുനര്‍ന്നവാനിംബപടോലശുണ്ഠീ തിക്താമൃതാദാര്‍വ്യഭയാക്കഷായഃ സര്‍വാംഗശോഫജരകാസശൂല- ശ്വാസാമ്പിതം പാണ്ഡുഗദം നിഹന്തി. 3 സാരം - തഴുതാമവേര്‌, വേപ്പിന്‍തൊലി, പടവലം, ചുക്ക്‌, പുത്തരിച്ചുണ്ടവേര്‍, അമൃത്‌, മരമഞ്ഞള്‍തൊലി, കടുക്കാത്തോട്‌ ഇവകൊണ്ടുള്ള കഷായം സര്‍വാംഗം നീരോടും, പനി, ചുമ, ശലം, വായുമൂട്ടല്‍ ഇവയോടും കൂടിയ പാണ്ഡുരോഗത്തെ ശമിപ്പിക്കും. നിശാചൂര്‍ണ്ണരചയോഗം-- ത്രകപിഷ്ടാമയഃപാര്രേ സപ്തരാത്രസ്ഥിതാം നിശാം സഞ്ചൂര്‍ണ്യ മധുനാ ലിഹ്യാന്മേഹപാണ്ഡുത്വഗാമയീ. [! സാരം - മഞ്ഞള്‍ മോരില്‍ അര",കാമല,279,Vaidyamanorama — full-PDF disease/treatment extraction
dt_090,disease_treatment_qa,ഹൃദ്രോഗം ചികിത്സയ്ക്കായി ഈ ഗ്രന്ഥം നിർദ്ദേശിക്കുന്ന മാർഗം എന്താണ്?,"100 വൈദ്യമനോരമ ആട്ടിന്‍പാല്‍, കരിമ്പിന്‍നീര്‍ ഇവ ഇടങ്ങഴി വീതവും 2 തുടം നെല്ലിക്കാനീരും 2 തുടം എണ്ണയും ചേര്‍ത്തു മൃദ്ധഗ്നിയില്‍ പാകംചെയ്തു ലേഹമാക്കി വാങ്ങി ആറി യാല്‍ തേനും നെയ്യും ചേര്‍ത്ത്‌ വച്ചിരുന്ന്‌ സേവിക്കുക. ക്ഷതകാസം, ശ്വാസം, ഹൃദ്രോഗം, കാസം ഇവയെ ശമിപ്പിക്കും. ഈ ലേഹം വൃദ്ധന്മാര്‍ക്കും ശുക്ലം കുറ ഞ്ഞവര്‍ക്കും ഹിതമാകുന്നു. വൃഷവ്യാഥഘ്യാദി ഘൃതം-- വൃഷവ്യാധ്ലീഗുളുചീനാം പ്രതമുലഫലാങ്കുരാന്‍ രസകല്ക്കൈര്‍ഘ്ൃതം പക്വം ഹന്തി കാസജ്വരാരുചീഃ. ി സാരം - ആടലോടകം, ചെറുവഴുതിന, അമൃത്‌ ഇവ സമൂലം (ഇല, വേര്‍, കായ്‌, മുള ഇവയോടുകുടി) പറിച്ചു നീരെടുത്ത്‌ ആ നീരില്‍ നെയ്യു കാച്ചി സേവിച്ചാല്‍ ചുമ, ജ്വരം, അരുചി ഇവ ശമിക്കും. ദാഡിമരസാദി ഘൃതം-- ദ്വിഗുണേ ദാഡിമരസേ സിദ്ധം വാ വ്യോഷസംയുതം പിബേദുപരി ഭൂക്തസ്യ യവക്ഷാരയുതം ഘൃതം. 20 പിപ്പലിഗുളസിദ്ധം വാ ഛാഗക്ഷീരയുതം ഘൃതം ഏതാന്യഗ്നിവിവൃദ്ധ്യര്‍ത്ഥം സര്‍പിംഷി ക്ഷയകാസിനാം. [2 സ്യൂര്‍ദ്ദോഷബദ്ധകണ്ഠോരഃ- സ്രോതസാം ച വിശുദ്ധയേ സാരം - ഈണിനുശേഷം നെയ്യിന്റെ രണ്ടിരട്ടി താളിമാതളരസത്തില്‍ ചുക്ക്‌, മുളകു, തിപ്പലി ഇവ കല്ക്കമായി കാച്ചി",ഹൃദ്രോഗം,100,Vaidyamanorama — full-PDF disease/treatment extraction
dt_091,disease_treatment_qa,അഗ്നിമാന്ദ്യം എന്ന രോഗത്തിന് ഗ്രന്ഥത്തിൽ നിർദ്ദേശിക്കുന്ന ചികിത്സ എന്താണ്?,"6 വൈദ്യമനോരമ ഷഭ്പലം എന്നു പേരായ ഈ നെയ്യ്‌ അരുചി, അഗ്നിമാന്ദ്യം, പ്ലീഹരോഗം, ജേരം, ശ്വാസം ഇവയെ ശമിപ്പിക്കും. പത്ഥ്യാദി ചൂര്‍ണ്ണം-- പത്ഥ്യാഗുളൂചീപടുനാഗരാണാം ചൂര്‍ണ്ണം സുപിഷ്ടം സഹ ദീപ്യകേന ദണ്ഡാഹതാദിക്ഷഥിതം പിബേദ്യഃ പ്രാപ്നോതി കായാഗ്നിബലം ക്ഷണേന. 194 സാരം - കടുക്കാത്തോട്‌, അമൃത്‌, ഇന്തുപ്പ്‌, ചുക്ക്‌, അയമോദകം ഇവ പൊടിച്ചു മോരു മുതലായതില്‍ തിളപ്പിച്ചു ചെറുചൂടോടെ സേവിക്കുക. ശരീരബലവും അഗ്നി ബലവും വേഗത്തില്‍ സിദ്ധിക്കും. മുദ്ഗയുഷം-- നിസ്തുഷം മുദ്ഗകുഡുബം തുംഗ്രദുമജലാഡകേ പചേല്‍ പാദാവശേഷ/ സ്മി ശീതേ ശര്‍ക്കരയാ യുതം 195 തല്‍പിബേദ്ദാഹത്യണ്മോഹ്ര്രമ്രഭൂമവമീന്‍ ഹരേല്‍. സാരം - നാഴി ചെറുപയറെടുത്ത്‌ വറുത്തു തൊലികളഞ്ഞ്‌ നാലിടങ്ങഴി നാളി കേരജലത്തില്‍ പാകം ചെയ്തു നാലിലൊന്നാകുമ്പോള്‍ വാങ്ങി തണുത്താല്‍ പഞ്ച സാര ചേര്‍ത്തു സേവിക്കുക. സര്‍വാംഗസന്താപം, തണ്ണീര്‍ദ്ദാഹം, മോഹാലസ്യം, ക്ഷ",അഗ്നിമാന്ദ്യം,56,Vaidyamanorama — full-PDF disease/treatment extraction
dt_092,disease_treatment_qa,ശോഫം രോഗത്തിന്റെ ചികിത്സയായി ഗ്രന്ഥം എന്താണ് പറയുന്നത്?,"238 വൈദ്യമനോരമ ലേപോ നിഹന്തി പ്രണശോഫവിസര്‍പകോഠ- കണ്ഡുതികുഷ്ഠപിടകാമയഗണ്ഡമാലാഃ. സാരം - ആവണക്കിന്‍കുരു, എള്ള്‌, കൊട്ടം, മഞ്ഞള്‍, അരേണുകം, മാഞ്ചി, ഞാഴല്‍പുവ്‌, അകില്‍, ഏലവര്‍ങ്ങത്തൊലി, (്രിഫലത്തോട്‌, മുത്തങ്ങാക്കിഴങ്ങ്‌, നാല്‍പാമരത്തിന്‍തളിര്‍, ഏലത്തരി, തകരം, പാച്ചോറ്റിക്കായുടെ മജ്ജ, ഗുല്‍ഗുലു ഇവ എണ്ണയില്‍ വറുത്തു വറകുഴമ്പാക്കി തേച്ചാല്‍ ര്രണശോഫം, വിസര്‍പം, വട്ട പ്ലൂണ്ണ്‌, ചൊറിച്ചില്‍, കുഷ്ഠം, കുരുക്കള്‍, ഗണ്ഡമാല ഇവ ശമിക്കും. ക്ഷീരിദ്രുവല്‍ക്കലതൈലം-- ക്ഷീര്രദുവല്‍ക്കലക്വാഥേ മധുച്ഛിഷ്ടാമയാംബുദൈഃ പാഠാദ്ധിരജനീയഷ്ടീധാതകീശാരിബോല്‍പലൈഃ. 7 കാര്‍പ്പാസബിജ്ര്രിഫലാചന്ദനോശീരവാളകൈഃ സിദ്ധം തൈലം നിഹന്ത്യാശു പ്രമേഹപിടകാമയാന്‍. 8 ദുഷ്ടാരുഃകുഷ്ഠകോഠാര്‍ശോഗണ്ഡമാലാഭഗന്ദരാന്‍ സാരം - നാല്‍പാമരത്തൊലി കഷായം വെച്ചു അതില്‍ പൊയ്യെഴുക്‌, കൊട്ടം, മുത്തങ്ങാക്കിഴങ്ങ്‌, പാടക്കിഴങ്ങ്‌, മഞ്ഞള്‍, മരമഞ്ഞള്‍തൊലി, ഇരട്ടിമധുരം, താതി രിപ്പുവ്‌, നറുനീണ്ടിക്കിഴങ്ങ്‌, ചെങ്ങഴിനിര്‍ക്കിഴങ്ങ്‌, പരുത്തിക്കുരു, ്രിഫലത്തോട്‌, ചന്ദനം, രാമച്ചം, ഇരുവേലി ഇവ കല്‍ക്കമായി എണ്ണ കാച്ചി എടുക്കുക. ഈ എണ്ണ പ്രമേഹക്കുരുക്കളേയും ദുഷ്ടരവണങ്ങള്‍, കുഷ്ഠം, വട്ടപ്പുണ്ണ്‌, അര്‍ശസ്സ്‌, ഗണ്ഡമാല, ഭഗ",ശോഫം,238,Vaidyamanorama — full-PDF disease/treatment extraction
dt_093,disease_treatment_qa,ഉന്മാദം ബാധിച്ചാൽ ഗ്രന്ഥപ്രകാരം എന്ത് ചികിത്സയാണ് ചെയ്യേണ്ടത്?,"കരി ഞ്ജീരകം, നറുനീണ്ടിക്കിഴങ്ങ്‌, ചന്ദനം, കൊട്ടം, ഇന്തുപ്പ്‌, ചുക്ക്‌, മുളക്‌, തിപ്പലി, വയമ്പ്‌ ഇവ കല്ക്കമായി ആടലോടകത്തിലനിരില്‍ അരച്ചു ചേര്‍ത്ത്‌ എണ്ണ കാച്ചി യെടുത്ത്‌ അത്‌ സേവിക്കുകയോ അതുകൊണ്ട്‌ തേച്ചുകുളിക്കുകയോ നസ്യം ചെയ്യു കരയോ സന്ധികളിലും നഖത്തിന്റെ അറ്റത്തും തേയ്ക്കുകയോ ചെയ്താല്‍ സകല സന്നിപാതജ്വരം, പക്ഷാഘാതം, അര്‍ദ്ദിതം, ബാഹ്യായാമം അന്തരായാമം മുതലായ വാതരോഗം, ഭൂതാദിഗ്രഹബാധ, അപസ്മാരം, വിഷം, ഉന്മാദം, വിഷമജ്വരം ഇവ ശമിക്കും. ഈ തൈലം വളരെ വിര്യമുള്ളതും രഹസ്യവും ഉത്തമവും അശ്ധിനിദേ വന്മാരാല്‍ നിര്‍മ്മിതവും സന്നിപാതാന്തകം എന്നു പേരോടുകുടിയതും ആകുന്നു. (ഈ എണ്ണയ്ക്ക്‌ ഉപദേശമനുസരിച്ച്‌ കഷായത്തില്‍, കരിനൊച്ചിയില, കുപ്പമഞ്ഞള്‍, പ്രസാരണി, കുറുന്തോട്ടിവേര്‍, ആവണക്കിന്‍വേര്‍ ഇവയും എണ്ണയോളം പാലും കൂട്ടണം. ഇതു ചിക്കണ(മെഴുകു) പാകത്തില്‍ അരിച്ചു ചീനബ്ഭരണിയില്‍ വീത്തി കെട്ടി നെല്ലില്‍ പുത്തി നാല്പതു ദിവസം കഴിഞ്ഞാല്‍ എടുത്തു സന്ധികളിലും നഖാന്തങ്ങളിലും തേച്ചുകൊള്ളണം). സഹദേവീതൈലം- സഹദേവീരസേ തൈലം പചേല്‍ പഞ്ചഗുണേ ഭിഷക്‌, ഷഡംഗകല്ക്കം സക്ഷീരമഭ്യംഗാജ്ജരനാശനം. 108 സാരം - എണ്ണയുടെ അഞ്ചിരട്ടി പുവങ്കുറുന്തലിന്റെ നീരില്‍ ഷഡംഗം (മുത്ത ്ങാക്കിഴങ്ങ്‌, ചന്ദനം, ചുക്ക്‌, ഇരുവേലി, പര്‍പ്പടകപ്പുള്ട്‌, രാമച്ചം) കല്ക്കമായി പാലു",ഉന്മാദം,36,Vaidyamanorama — full-PDF disease/treatment extraction
dt_094,disease_treatment_qa,അപസ്മാരം രോഗാവസ്ഥയിൽ ഉപയോഗിക്കേണ്ട ഔഷധപ്രയോഗം ഏതാണ്?,"കണയെണ്ണയില്‍ ഉമ്മത്തിന്‍വേര്‍്‌ പൊടിച്ചിട്ടു ഏഴു ദിവസം ഭൂമിയില്‍ കുഴിച്ചുവെച്ചിരുന്നതിനുശേഷം എടുത്ത്‌ ശരീരത്തില്‍ തേച്ചാല്‍ ഉന്മാദം ശമിക്കും. അപസ്മാരചികിത്സ ത്രികട്വാദി കഷായം-- ത്രികടുര്തിഫലാദാരുഹിംഗുസവര്‍ച്ചലം വചാ കഷായം ക്ഷരദസംയുക്തമപസ്മാരവിനാശനം. ി സാരം - ചുക്ക്‌, മുളക്‌, തിപ്പലി, ത്രിഫലത്തോട്‌, ദേവതാരം, കായം, തുവര്‍ച്ചി ലയുപ്പ്‌, വയമ്പ്‌ ഇവ കൊണ്ടുള്ള കഷായം തേന്‍ മേമ്പൊടി ചേര്‍ത്തു സേവിച്ചാല്‍ അപസ്മാരം ശമിക്കും. ശംഖപുഷ്പ്യാദി ഘൃതം- ശംഖപുഷ്പിവചാകുഷ്ദൈഃ സിദ്ധം ബ്രഹ്മീരസേ ഘൃതം പുരാണം ഹന്ത്യപസ്മാരം സോന്മാദം മേധ്യമുത്തമം. മ",അപസ്മാരം,394,Vaidyamanorama — full-PDF disease/treatment extraction
dt_095,disease_treatment_qa,വാതരോഗം ചികിത്സയ്ക്കായി ഈ ഗ്രന്ഥം നിർദ്ദേശിക്കുന്ന മാർഗം എന്താണ്?,"ടി (ശുദ്ധിചെയ്തത്‌), ചുക്ക്‌, കൊടുവേലിക്കിഴങ്ങ്‌, കടു ക്കാത്തോട്‌, വിഴാലരി, നാഗദന്തിവേര്‍, ര്രികോല്പക്കൊന്ന ഇവ സമാംശമെടുത്തു പൊടിച്ചു ഗോമൂത്രത്തില്‍ കലക്കി സേവിച്ചാല്‍ നീര്‍ക്കെട്ടും മഹോദരവും ശമിക്കും. ദശമൂലാദി കഷായം-- ദശമൂലരസോനമാഗധീനാം സലിലം യേ പ്രപിബന്തി തേ തൃജന്തി പ്രബലാനിലരോഗശോഫശുല- ശ്വസനാദീനുദരാണി ചോര്‍ദ്ധ്വവാതം. 13 സാരം - ദശമൂലം, വെളുത്തുള്ളി, തിപ്പലി ഇവകൊണ്ടുള്ള കഷായം സേവി ച്ചാല്‍ പ്രബലമായ വാതരോഗം, നീര്‍, ശുലം, ശ്വാസം, മഹോദരം, ഈര്‍ദ്ധവാതം ഇവ ശമിക്കും. ആരഗ്വധകഷായം-- ആശഗ്വധ്പ്രക്വഥിതഃ കഷായഃ സര്‍വോദരാന്തം കുരുതേ ദശാഹാല്‍ തഥാ/ഭയാംഭഃ കണരേണുമിശ്രം കൃഷ്ണാഭയൈരണ്ഡശിഫാശൃതം വാ. മ സാരം - കൊന്നത്തൊലി കഷായം വച്ചു പത്തുദിവസം കടിച്ചാല്‍ എല്ലാ മഹോ ദരവും ശമിക്കും. അപ്രകാരം കടുക്കാക്കഷായം തിപ്പലിപ്പൊടി മേമ്പൊടി ചേര്‍ത്തു സേവിക്കുകയോ തിപ്പലി, കടുക്കാത്തോട്‌, വെളുത്താവണക്കിന്‍വേര്‍ ഇവ കഷാ യം വച്ചു സേവിക്കുകയോ ചെയ്താലും മഹോദരം ശമിക്കും. പത്ഥ്യാദി കഷായം- പരത്ല്യാവൃശ്ചീവദുസ്പര്‍ശദേവദാര്‍വഗ്ിപൂതികൈഃ ക്വാഥഃ സര്‍വോദരാന്‍ ഹന്യാല്‍ ശോഫം സര്‍വം തഥാ ജയേല്‍. 15 സാരം - കടുക്കാത്തോട്‌, തഴുതാമവേര്‌, കൊടിത്തുവവേര്‍, ദേവതാരം, കൊടു വേലിക്കിഴങ്ങ്‌, ആവിത്തൊലി ഇവ കൊണ്ടുള്ള കഷായം എല്ലാ മഹോദരത്തേയും എല്ലാ നീരിനെയും ശമിപ്പിക്ക",വാതരോഗം,275,Vaidyamanorama — full-PDF disease/treatment extraction
dt_096,disease_treatment_qa,ഭഗന്ദരം എന്ന രോഗത്തിന് ഗ്രന്ഥത്തിൽ നിർദ്ദേശിക്കുന്ന ചികിത്സ എന്താണ്?,"രാവിലെയും വൈകുന്നേരവും മാത്രയനുസരിച്ചു സേവിച്ചാല്‍ അപക്വമായ ശോഫം പെട്ടെന്നു ശമിക്കും. പത്ഥ്യാപുനര്‍ന്നവാദി കഷായം-- പത്ഥ്യാപുനര്‍ന്നവമഹൌഷധഭ്രദദാരു-- ക്വാഥം പിബേല്‍ സുഖജലേന തു കല്ക്കിതം വാ ശോഷാഗ്നിമാന്ദ്യഗുദകീലഭഗന്ദരേഷു, സപ്ലീഹപാണ്ഡുജഠരോര്‍ദ്വകഫാമയേഷു. 13 സാരം - കടുക്കാത്തോട്‌, തഴുതാമവേര്‍, ചുക്ക്‌, ദേവതാരം ഇവ കഷായം വച്ചോ അരച്ചു ചുടവെള്ളത്തില്‍ കലക്കിയോ സേവിച്ചാല്‍ ശോഷം, അഗ്നിമാന്ദ്യം, അര്‍ശ സ്സ്‌, ഭഗന്ദരം, പ്ലീഹരോഗം, പാണ്ഡുരോഗം, മഹോദരം, കഫരോഗം ഇവ ശമിക്കും. അജാജ്യാദി ചൂര്‍ണ്ണം-- അജാജിപാഠാഘനപഞ്ചകോല- വ്യാരഘീരജനൃസ്സുഖതോയപീതാഃ ശോഫം ത്രിദോഷം ചിരജം പ്രവൃദ്ധം നിഘ്നന്തി ഭൂനിംബമഹൌഷധേ ച. [1 സാരം - ജീരകം, പാടക്കിഴങ്ങ്‌, മുത്തങ്ങാക്കിഴങ്ങ്‌, പഞ്ചകോലം (തിപ്പലി, കാട്ടു തിപ്പുലിവേര്‍, കാട്ടുമുളകിന്‍വേര്‍, കൊടുവേലിക്കിഴങ്ങ്‌, ചുക്ക്‌) ചെറുവഴുതിനവേര്‍, മഞ്ഞള്‍ ഇവയോ പുത്തരിച്ചുണ്ടവേരും ചുക്കും കൂടിയോ പൊടിച്ചു ചുടുവെള്ള ത്തില്‍ കലക്കി സേവിച്ചാല്‍ മുന്നു ദോഷം കോപിച്ചുണ്ടായതും കാലപ്പഴക്കം ചെന്നതും വര്‍ദ്ധിച്ചതും ആയ ശോഫം ശമിക്കും. ദശമൂലതൈലം-- ദശമൂലകഷായേണ പിഷ്ടേന സുരദാരുണാ തൈലം പ്രസിദ്ധം ശ്വയഥൌ പഠനാഭ്യംഗേ പ്രശസ്യതേ. നി സാരം - ദശമൂലം കഷായം വച്ച്‌ അതില്‍ ദേവതാരം അരച്ചു കലക്കി എണ്ണ കാച്ചി എടുത്തു ആ എണ്ണ സേവിക്കുകയോ അത",ഭഗന്ദരം,294,Vaidyamanorama — full-PDF disease/treatment extraction
dt_097,disease_treatment_qa,ശിരോരോഗം രോഗത്തിന്റെ ചികിത്സയായി ഗ്രന്ഥം എന്താണ് പറയുന്നത്?,"420 വൈദ്യമനോരമ ്ങ്‌, അഞ്ജനക്കല്ല്‌, അമരിവേര്‍്‌ ഇവ കല്ക്കമായി ഇടങ്ങഴി എണ്ണയും കയ്യോന്നി നീര്‍, പച്ചനെല്ലിക്കാനീര്‍ ഇവ ഇടങ്ങഴി വിതവും രണ്ടിടങ്ങഴി പാലും ചേര്‍ത്ത്‌ കാച്ചി യെടുക്കുക. ഈ ത്രിഫലാദി തൈലം ശിരോരോഗം, പീനസം, കഷണ്ടി, നര ഇവ യേയും കഴുത്തിനുമേലുള്ള എല്ലാ രോഗങ്ങളേയും ശമിപ്പിക്കും. ശോഫത്തിന്‌-- (ന്ൃഗ്രോധാദി ലേപനം) നൃഗ്രോധോദുംബരാശ്വത്ഥപ്ലക്ഷവേതസവല്ക്കലൈഃ 38 പ്രദേഹോ ഭൂരിസര്‍പ്പിര്‍ഭിഃ ശോഫനിര്‍വാപണഃ പരം. സാരം - പേരാല്‍, അത്തി, അരയാല്‍, ഇത്തി, ആറ്റുവഞ്ചി ഇവയുടെ തൊലി അരച്ചു നല്ലപോലെ നെയ്യു കൂട്ടി ചാലിച്ചു ലേപനം ചെയ്താല്‍ ശോഫം ശമിക്കും. ജാത്യാതി ഘൃതം- ജാതീകിംശുകപര്‍പ്പടാഖ്യസുഷവിമായുരികാഭ്രദികാ-- നിര്‍ഗ്ഗുണ്ഡീമൃദുകുഞ്ചികാകടുകികാദൂര്‍വാനിശാനാം രസേ സര്‍പ്പിഃ സിദ്ധമനേന സുക്ഷ്മവദനാ മര്‍മ്മാശ്രിതാസ്സാവിണോ ഗംഭിരാസ്സരുജാ ര്വണാസ്സുഗതികാശ്ശുദ്ധ്യന്തി രോഹന്തി ച. 39 സാരം - പിച്ചകത്തില, മുരിക്കില, പര്‍പ്പടകപ്പുല്ല്‌, പുല്ലാന്നിയില, ചെറുകടലാ ടി, ചെറുപുള, കരിനൊച്ചിയില, ഞൊട്ടാഞൊടിയന്‍, ചൊരക്കഴുത്ത്‌, കറുക, മഞ്ഞള്‍",ശിരോരോഗം,420,Vaidyamanorama — full-PDF disease/treatment extraction
dt_098,disease_treatment_qa,വിഷം ബാധിച്ചാൽ ഗ്രന്ഥപ്രകാരം എന്ത് ചികിത്സയാണ് ചെയ്യേണ്ടത്?,"ശ്വാസഹരാ യോഗാഃ ക്ഷയിണാം സര്‍വശോ ഹിതാഃ സാരം - നാളികേരാസവം, താബുലാസവം, പിപ്പല്യാദ്യാസവം ഇവ രാജയ ക്ഷ്മരോഗിക്കു കുടിക്കുന്നതിനു ഹിതമാണ്‌. കാസശ്വാസഹരങ്ങളായ എല്ലാ യോഗ ങ്ങളും രാജയക്ഷ്മാവിനും ഹിതങ്ങളാകുന്നു. സ്വരസാദചികിത്സ സ്വരസാദലക്ഷണം- അത്യുച്ചഭാഷണവിഷാദ്യശനാഭിഘാത- ശോകാദിഭിഃ പ്രകുപിതാഃ പവനാദയസ്തു ശബ്ദാദിവാഹിഷു സിരാസു ഗതാഃ പ്രദുഷ്ടാ ഹന്യുഃ സ്വരം, തദൃഷയഃ സ്വരസാദമാഹുഃ. കമ സാരം - ഏറ്റവും ഉറക്കെ സംസാരിക്കുക, വിഷം മുതലായവ ഭക്ഷിക്കുക, അടി യേല്‍ക്കുക, ദുഃഖിക്കുക ഇവകൊണ്ടു വാതാദികള്‍ കോപിച്ചു ശബ്ദവാഹികളായ സിരകളില്‍ പ്രാപിച്ചു ദുഷിപ്പിച്ചു സ്വരത്തെ നശിപ്പിക്കും. അതിനെ മഹര്‍ഷികള്‍ സ്വരസാദമെന്നു പറയുന്നു. വാതജസ്വരസാദചികിത്സ-- സ്വരസാദേ വിശേഷേണ നസ്യധുമാദി യോജയേല്‍ ത്ര്രാപി വാതജേ കോഷ്്‌ണം പിബേദാത്തരഭക്തികം. കട സാരം - സ്വരസാദത്തില്‍ വിശേഷിച്ചു നസ്യം, ധൂമം മുതലായവ പ്രയോഗിക്ക",വിഷം,125,Vaidyamanorama — full-PDF disease/treatment extraction
dt_099,disease_treatment_qa,ജ്വരം രോഗാവസ്ഥയിൽ ഉപയോഗിക്കേണ്ട ഔഷധപ്രയോഗം ഏതാണ്?,"18 വൈദ്യമനോരമ ഭൂഷ്ടതണ്ഡുലപേയാം വാ സശുണ്ഠീധാന്യസൈന്ധവാം മുട മുദ്ഗപേയാം സിതായുക്താം പിത്തമദ്യവിഷോദ്ഭവേ സാരം - കുറുന്തോട്ടിവേര്‌, കൊത്തമ്പാലരി, ചുക്ക്‌ ഇവകൊണ്ടു കഞ്ഞിയു ണ്ടാക്കി കൊടുക്കുക. ജ്വരം ശമിക്കും. ജ്വരത്തില്‍ ഛര്‍ദ്ദിയുണ്ടെങ്കില്‍ മുന്‍പറഞ്ഞ മരുന്നുകളില്‍ കുവളത്തിന്‍വേരുകുടി ചേര്‍ത്തു കഞ്ഞി വെച്ചു കൊടുക്കയോ ചുക്കും കൊത്തമ്പാലും കൂടി കഷായം വെച്ച വെള്ളത്തില്‍ അരി വറുത്തിട്ടു കഞ്ഞി വെച്ച്‌ ഇന്തുപ്പും ചേര്‍ത്തുകൊടുക്കയോ ചെയുണം. പിത്തജവും മദ്യജവും വിഷജവുമായ ജരത്തില്‍ ചെറുപയറുകൊണ്ടു കഞ്ഞി വെച്ച്‌ അതില്‍ പഞ്ചസാര ചേര്‍ത്തു കൊടു ക്കണം. നാഗരാദി ലാജപേയാ-- നാഗരേണ ബലാവില- മൂലഭ്യാം സാധിതേ ജലേ. 26 സിദ്ധാം പിബേല്ലാജപേയാം ദാഹതൃഷ്ണാപ്രപീഡിതഃ സാരം - സര്‍വാംഗസന്താപത്താലും തണ്ണീര്‍ദാഹത്താലും പീഡിതനായവന്‍ ചുക്ക്‌, കുറുന്തോട്ടിവേര്‍, കുവളത്തിന്‍വേര്‍ ഇവകൊണ്ടുണ്ടാക്കിയ മലര്‍കഞ്ഞി കൊടുക്കണം. യവാഗുപാന്ര്രമം-- പിത്തജ്വരേ തു പൂര്‍വാഹ്‌ണേ മദ്ധ്യാഹ്നേ കഫസംഭവേ. മ്മ വാതജ്രേ ചാപരാഹ്‌ണേ യവാഗും സംപ്രദാപയേല്‍",ജ്വരം,18,Vaidyamanorama — full-PDF disease/treatment extraction
dt_100,disease_treatment_qa,പാണ്ഡു ചികിത്സയ്ക്കായി ഈ ഗ്രന്ഥം നിർദ്ദേശിക്കുന്ന മാർഗം എന്താണ്?,"അസൃശഗ്ദരചികിത്സാക്രമം 79 നെയ്യു കാച്ചിയെടുത്ത്‌ പഞ്ചസാര ചേര്‍ത്തു സേവിക്കുക. അസൃഗ്ദരം, പിത്തകൃത മായ പാണ്ഡുരോഗം, പിത്തഗുന്മം, രക്ത്രസാവം, വാതരക്തം, പിത്തജങ്ങളായ മോഹാലസ്യം, മദം, ഉന്മാദം, മദാത്യയം ഇവ ശമിക്കും. പ്രസവിക്കാത്ത സ്ത്രീക്ക്‌ ഈ നെയ്യു സേവിച്ചാല്‍ ഗര്‍ഭമുണ്ടാവുകയും ചെയ്യും. ക്ഷീരിദ്രുമാദി ഘൃതം-- ക്ഷീരിദ്രുജംബ്വര്‍ജുനവല്ക്കലോഗ്ര- ക്വാഥേ പചേല്‍ ക്ഷീരയുതം ഘൃതം ച ലാക്ഷാഹിമോശീരകണാബ്ദപാഠാ- ദ്രാക്ഷാമൃണാളാഞ്ജനരാത്രിയുശ്മൈഃ. 16 മധുകവില്ോല്പലഡാഡിമൈലാ- വരാരുഗാ്രമാസ്ഥികപിത്ഥലോഡ്രൈഃ സിദ്ധം സിതാക്ഷ്രദയുതം നിഹന്തി രക്താതിസാര്പ്രദരാധ്സപിത്തം. 17 സാരം - നാല്പാമരത്തൊലി, ഞാവല്‍തൊലി, നീര്‍മരുതിന്‍തൊലി, പാച്ചോറ്റി ത്തൊലി ഇവ കഷായം വച്ച്‌ അതില്‍ കോലരക്ക്‌, ചന്ദനം, രാമച്ചം, തിപ്പലി, മുത്ത ്ങാക്കിഴങ്ങ്‌, പാടക്കിഴങ്ങ്‌, മുന്തിരിങ്ങാപ്പഴം, താമരവളയം, അഞ്ജനക്കല്ല്‌, മഞ്ഞളും മരമഞ്ഞള്‍തൊലിയും, ഇരിപ്പക്കാതല്‍, കുവളത്തിന",പാണ്ഡു,79,Vaidyamanorama — full-PDF disease/treatment extraction
