case_id,input_text,disease_label,split,difficulty,source_page,source_basis,generation_type
T1_0001,"A patient presents with fever is present, appetite is reduced, and digestion is disturbed.",Jwara,train,easy,12,"fever with reduced appetite, thirst, indigestion, heaviness and weakness; ama-associated cases may show poor bowel movement and lack of appetite",controlled paraphrase from source-derived profile
T1_0002,"The main findings are thirst is increased, along with digestion is disturbed and weakness is noticeable.",Jwara,train,easy,12,"fever with reduced appetite, thirst, indigestion, heaviness and weakness; ama-associated cases may show poor bowel movement and lack of appetite",controlled paraphrase from source-derived profile
T1_0003,Clinical features include the body feels heavy; the patient also has weakness is noticeable and an ama-like state is described.,Jwara,train,easy,12,"fever with reduced appetite, thirst, indigestion, heaviness and weakness; ama-associated cases may show poor bowel movement and lack of appetite",controlled paraphrase from source-derived profile
T1_0004,"The presentation is characterized by bowel movement is reduced, with an ama-like state is described and appetite is reduced occurring together.",Jwara,train,easy,12,"fever with reduced appetite, thirst, indigestion, heaviness and weakness; ama-associated cases may show poor bowel movement and lack of appetite",controlled paraphrase from source-derived profile
T1_0005,A case is described with fever is present. Additional findings are appetite is reduced and digestion is disturbed.,Jwara,train,easy,12,"fever with reduced appetite, thirst, indigestion, heaviness and weakness; ama-associated cases may show poor bowel movement and lack of appetite",controlled paraphrase from source-derived profile
T1_0006,"The patient reports thirst is increased and digestion is disturbed, with weakness is noticeable also present.",Jwara,train,medium,12,"fever with reduced appetite, thirst, indigestion, heaviness and weakness; ama-associated cases may show poor bowel movement and lack of appetite",controlled paraphrase from source-derived profile
T1_0007,"The dominant complaint is the body feels heavy, accompanied by weakness is noticeable and an ama-like state is described.",Jwara,train,medium,12,"fever with reduced appetite, thirst, indigestion, heaviness and weakness; ama-associated cases may show poor bowel movement and lack of appetite",controlled paraphrase from source-derived profile
T1_0008,"On assessment, bowel movement is reduced is noted, together with an ama-like state is described and appetite is reduced.",Jwara,train,medium,12,"fever with reduced appetite, thirst, indigestion, heaviness and weakness; ama-associated cases may show poor bowel movement and lack of appetite",controlled paraphrase from source-derived profile
T1_0009,"The symptom pattern includes fever is present, appetite is reduced, and digestion is disturbed.",Jwara,train,medium,12,"fever with reduced appetite, thirst, indigestion, heaviness and weakness; ama-associated cases may show poor bowel movement and lack of appetite",controlled paraphrase from source-derived profile
T1_0010,"A typical presentation may include thirst is increased, while digestion is disturbed and weakness is noticeable are also observed.",Jwara,train,medium,12,"fever with reduced appetite, thirst, indigestion, heaviness and weakness; ama-associated cases may show poor bowel movement and lack of appetite",controlled paraphrase from source-derived profile
T1_0011,The case shows the body feels heavy; associated findings include weakness is noticeable and an ama-like state is described.,Jwara,validation,hard,12,"fever with reduced appetite, thirst, indigestion, heaviness and weakness; ama-associated cases may show poor bowel movement and lack of appetite",controlled paraphrase from source-derived profile
T1_0012,The patient has bowel movement is reduced and an ama-like state is described; another notable feature is that appetite is reduced.,Jwara,validation,hard,12,"fever with reduced appetite, thirst, indigestion, heaviness and weakness; ama-associated cases may show poor bowel movement and lack of appetite",controlled paraphrase from source-derived profile
T1_0013,"The clinical picture is mainly fever is present, with additional features of appetite is reduced and digestion is disturbed.",Jwara,test,hard,12,"fever with reduced appetite, thirst, indigestion, heaviness and weakness; ama-associated cases may show poor bowel movement and lack of appetite",controlled paraphrase from source-derived profile
T1_0014,"The reported symptoms are thirst is increased, digestion is disturbed, and weakness is noticeable.",Jwara,test,hard,12,"fever with reduced appetite, thirst, indigestion, heaviness and weakness; ama-associated cases may show poor bowel movement and lack of appetite",controlled paraphrase from source-derived profile
T1_0015,"The presentation is suggestive of a disorder with the body feels heavy, weakness is noticeable, and an ama-like state is described.",Jwara,test,hard,12,"fever with reduced appetite, thirst, indigestion, heaviness and weakness; ama-associated cases may show poor bowel movement and lack of appetite",controlled paraphrase from source-derived profile
T1_0016,"A patient presents with abnormal bleeding is present, bleeding may occur through the upper passages, and the bleeding may recur after settling.",Raktapitta,train,easy,62,"abnormal bleeding that may move upward through the eyes, nose, ears or mouth or downward through the lower passages; severe cases may be recurrent and associated with weak digestion",controlled paraphrase from source-derived profile
T1_0017,"The main findings are bleeding may occur through the lower passages, along with the bleeding may recur after settling and multiple doshas may be involved.",Raktapitta,train,easy,62,"abnormal bleeding that may move upward through the eyes, nose, ears or mouth or downward through the lower passages; severe cases may be recurrent and associated with weak digestion",controlled paraphrase from source-derived profile
T1_0018,Clinical features include digestive strength is poor; the patient also has multiple doshas may be involved and abnormal bleeding is present.,Raktapitta,train,easy,62,"abnormal bleeding that may move upward through the eyes, nose, ears or mouth or downward through the lower passages; severe cases may be recurrent and associated with weak digestion",controlled paraphrase from source-derived profile
T1_0019,"The presentation is characterized by the bleeding is excessive, with abnormal bleeding is present and bleeding may occur through the lower passages occurring together.",Raktapitta,train,easy,62,"abnormal bleeding that may move upward through the eyes, nose, ears or mouth or downward through the lower passages; severe cases may be recurrent and associated with weak digestion",controlled paraphrase from source-derived profile
T1_0020,A case is described with bleeding may occur through the upper passages. Additional findings are bleeding may occur through the lower passages and digestive strength is poor.,Raktapitta,train,easy,62,"abnormal bleeding that may move upward through the eyes, nose, ears or mouth or downward through the lower passages; severe cases may be recurrent and associated with weak digestion",controlled paraphrase from source-derived profile
T1_0021,"The patient reports the bleeding may recur after settling and digestive strength is poor, with the bleeding is excessive also present.",Raktapitta,train,medium,62,"abnormal bleeding that may move upward through the eyes, nose, ears or mouth or downward through the lower passages; severe cases may be recurrent and associated with weak digestion",controlled paraphrase from source-derived profile
T1_0022,"The dominant complaint is multiple doshas may be involved, accompanied by the bleeding is excessive and bleeding may occur through the upper passages.",Raktapitta,train,medium,62,"abnormal bleeding that may move upward through the eyes, nose, ears or mouth or downward through the lower passages; severe cases may be recurrent and associated with weak digestion",controlled paraphrase from source-derived profile
T1_0023,"On assessment, abnormal bleeding is present is noted, together with bleeding may occur through the upper passages and the bleeding may recur after settling.",Raktapitta,train,medium,62,"abnormal bleeding that may move upward through the eyes, nose, ears or mouth or downward through the lower passages; severe cases may be recurrent and associated with weak digestion",controlled paraphrase from source-derived profile
T1_0024,"The symptom pattern includes bleeding may occur through the lower passages, the bleeding may recur after settling, and multiple doshas may be involved.",Raktapitta,train,medium,62,"abnormal bleeding that may move upward through the eyes, nose, ears or mouth or downward through the lower passages; severe cases may be recurrent and associated with weak digestion",controlled paraphrase from source-derived profile
T1_0025,"A typical presentation may include digestive strength is poor, while multiple doshas may be involved and abnormal bleeding is present are also observed.",Raktapitta,train,medium,62,"abnormal bleeding that may move upward through the eyes, nose, ears or mouth or downward through the lower passages; severe cases may be recurrent and associated with weak digestion",controlled paraphrase from source-derived profile
T1_0026,The case shows the bleeding is excessive; associated findings include abnormal bleeding is present and bleeding may occur through the lower passages.,Raktapitta,validation,hard,62,"abnormal bleeding that may move upward through the eyes, nose, ears or mouth or downward through the lower passages; severe cases may be recurrent and associated with weak digestion",controlled paraphrase from source-derived profile
T1_0027,The patient has bleeding may occur through the upper passages and bleeding may occur through the lower passages; another notable feature is that digestive strength is poor.,Raktapitta,validation,hard,62,"abnormal bleeding that may move upward through the eyes, nose, ears or mouth or downward through the lower passages; severe cases may be recurrent and associated with weak digestion",controlled paraphrase from source-derived profile
T1_0028,"The clinical picture is mainly the bleeding may recur after settling, with additional features of digestive strength is poor and the bleeding is excessive.",Raktapitta,test,hard,62,"abnormal bleeding that may move upward through the eyes, nose, ears or mouth or downward through the lower passages; severe cases may be recurrent and associated with weak digestion",controlled paraphrase from source-derived profile
T1_0029,"The reported symptoms are multiple doshas may be involved, the bleeding is excessive, and bleeding may occur through the upper passages.",Raktapitta,test,hard,62,"abnormal bleeding that may move upward through the eyes, nose, ears or mouth or downward through the lower passages; severe cases may be recurrent and associated with weak digestion",controlled paraphrase from source-derived profile
T1_0030,"The presentation is suggestive of a disorder with abnormal bleeding is present, bleeding may occur through the upper passages, and the bleeding may recur after settling.",Raktapitta,test,hard,62,"abnormal bleeding that may move upward through the eyes, nose, ears or mouth or downward through the lower passages; severe cases may be recurrent and associated with weak digestion",controlled paraphrase from source-derived profile
T1_0031,"A patient presents with uterine bleeding occurs outside the expected time, the bleeding is excessive, and the blood may be yellow, hot and foul-smelling.",Asrigdara,train,easy,75,"abnormal uterine bleeding occurring outside the normal time, described as excessive or disturbed menstrual bleeding; the text differentiates Vata, Pitta and Kapha patterns by the character of the blood",controlled paraphrase from source-derived profile
T1_0032,"The main findings are the blood may appear frothy and dark, along with the blood may be yellow, hot and foul-smelling and the condition follows disturbed menstrual bleeding.",Asrigdara,train,easy,75,"abnormal uterine bleeding occurring outside the normal time, described as excessive or disturbed menstrual bleeding; the text differentiates Vata, Pitta and Kapha patterns by the character of the blood",controlled paraphrase from source-derived profile
T1_0033,"Clinical features include the blood may be pale, unctuous and stringy; the patient also has the condition follows disturbed menstrual bleeding and the bleeding is excessive.",Asrigdara,train,easy,75,"abnormal uterine bleeding occurring outside the normal time, described as excessive or disturbed menstrual bleeding; the text differentiates Vata, Pitta and Kapha patterns by the character of the blood",controlled paraphrase from source-derived profile
T1_0034,"The presentation is characterized by uterine bleeding occurs outside the expected time, with the bleeding is excessive and the blood may be yellow, hot and foul-smelling occurring together.",Asrigdara,train,easy,75,"abnormal uterine bleeding occurring outside the normal time, described as excessive or disturbed menstrual bleeding; the text differentiates Vata, Pitta and Kapha patterns by the character of the blood",controlled paraphrase from source-derived profile
T1_0035,"A case is described with the blood may appear frothy and dark. Additional findings are the blood may be yellow, hot and foul-smelling and the condition follows disturbed menstrual bleeding.",Asrigdara,train,easy,75,"abnormal uterine bleeding occurring outside the normal time, described as excessive or disturbed menstrual bleeding; the text differentiates Vata, Pitta and Kapha patterns by the character of the blood",controlled paraphrase from source-derived profile
T1_0036,"The patient reports the blood may be pale, unctuous and stringy and the condition follows disturbed menstrual bleeding, with the bleeding is excessive also present.",Asrigdara,train,medium,75,"abnormal uterine bleeding occurring outside the normal time, described as excessive or disturbed menstrual bleeding; the text differentiates Vata, Pitta and Kapha patterns by the character of the blood",controlled paraphrase from source-derived profile
T1_0037,"The dominant complaint is uterine bleeding occurs outside the expected time, accompanied by the bleeding is excessive and the blood may be yellow, hot and foul-smelling.",Asrigdara,train,medium,75,"abnormal uterine bleeding occurring outside the normal time, described as excessive or disturbed menstrual bleeding; the text differentiates Vata, Pitta and Kapha patterns by the character of the blood",controlled paraphrase from source-derived profile
T1_0038,"On assessment, the blood may appear frothy and dark is noted, together with the blood may be yellow, hot and foul-smelling and the condition follows disturbed menstrual bleeding.",Asrigdara,train,medium,75,"abnormal uterine bleeding occurring outside the normal time, described as excessive or disturbed menstrual bleeding; the text differentiates Vata, Pitta and Kapha patterns by the character of the blood",controlled paraphrase from source-derived profile
T1_0039,"The symptom pattern includes the blood may be pale, unctuous and stringy, the condition follows disturbed menstrual bleeding, and the bleeding is excessive.",Asrigdara,train,medium,75,"abnormal uterine bleeding occurring outside the normal time, described as excessive or disturbed menstrual bleeding; the text differentiates Vata, Pitta and Kapha patterns by the character of the blood",controlled paraphrase from source-derived profile
T1_0040,"A typical presentation may include uterine bleeding occurs outside the expected time, while the bleeding is excessive and the blood may be yellow, hot and foul-smelling are also observed.",Asrigdara,train,medium,75,"abnormal uterine bleeding occurring outside the normal time, described as excessive or disturbed menstrual bleeding; the text differentiates Vata, Pitta and Kapha patterns by the character of the blood",controlled paraphrase from source-derived profile
T1_0041,"The case shows the blood may appear frothy and dark; associated findings include the blood may be yellow, hot and foul-smelling and the condition follows disturbed menstrual bleeding.",Asrigdara,validation,hard,75,"abnormal uterine bleeding occurring outside the normal time, described as excessive or disturbed menstrual bleeding; the text differentiates Vata, Pitta and Kapha patterns by the character of the blood",controlled paraphrase from source-derived profile
T1_0042,"The patient has the blood may be pale, unctuous and stringy and the condition follows disturbed menstrual bleeding; another notable feature is that the bleeding is excessive.",Asrigdara,validation,hard,75,"abnormal uterine bleeding occurring outside the normal time, described as excessive or disturbed menstrual bleeding; the text differentiates Vata, Pitta and Kapha patterns by the character of the blood",controlled paraphrase from source-derived profile
T1_0043,"The clinical picture is mainly uterine bleeding occurs outside the expected time, with additional features of the bleeding is excessive and the blood may be yellow, hot and foul-smelling.",Asrigdara,test,hard,75,"abnormal uterine bleeding occurring outside the normal time, described as excessive or disturbed menstrual bleeding; the text differentiates Vata, Pitta and Kapha patterns by the character of the blood",controlled paraphrase from source-derived profile
T1_0044,"The reported symptoms are the blood may appear frothy and dark, the blood may be yellow, hot and foul-smelling, and the condition follows disturbed menstrual bleeding.",Asrigdara,test,hard,75,"abnormal uterine bleeding occurring outside the normal time, described as excessive or disturbed menstrual bleeding; the text differentiates Vata, Pitta and Kapha patterns by the character of the blood",controlled paraphrase from source-derived profile
T1_0045,"The presentation is suggestive of a disorder with the blood may be pale, unctuous and stringy, the condition follows disturbed menstrual bleeding, and the bleeding is excessive.",Asrigdara,test,hard,75,"abnormal uterine bleeding occurring outside the normal time, described as excessive or disturbed menstrual bleeding; the text differentiates Vata, Pitta and Kapha patterns by the character of the blood",controlled paraphrase from source-derived profile
T1_0046,"A patient presents with persistent cough is present, the cough is treated according to dosha pattern, and coughing is the main presenting complaint.",Kasa,train,easy,84,"cough, with the text treating different cough patterns according to the dominant dosha",controlled paraphrase from source-derived profile
T1_0047,"The main findings are the respiratory complaint is dominated by coughing, along with coughing is the main presenting complaint and persistent cough is present.",Kasa,train,easy,84,"cough, with the text treating different cough patterns according to the dominant dosha",controlled paraphrase from source-derived profile
T1_0048,Clinical features include the cough occurs as a distinct respiratory disorder; the patient also has persistent cough is present and the respiratory complaint is dominated by coughing.,Kasa,train,easy,84,"cough, with the text treating different cough patterns according to the dominant dosha",controlled paraphrase from source-derived profile
T1_0049,"The presentation is characterized by the cough is treated according to dosha pattern, with the respiratory complaint is dominated by coughing and the cough occurs as a distinct respiratory disorder occurring together.",Kasa,train,easy,84,"cough, with the text treating different cough patterns according to the dominant dosha",controlled paraphrase from source-derived profile
T1_0050,A case is described with coughing is the main presenting complaint. Additional findings are the cough occurs as a distinct respiratory disorder and the cough is treated according to dosha pattern.,Kasa,train,easy,84,"cough, with the text treating different cough patterns according to the dominant dosha",controlled paraphrase from source-derived profile
T1_0051,"The patient reports persistent cough is present and the cough is treated according to dosha pattern, with coughing is the main presenting complaint also present.",Kasa,train,medium,84,"cough, with the text treating different cough patterns according to the dominant dosha",controlled paraphrase from source-derived profile
T1_0052,"The dominant complaint is the respiratory complaint is dominated by coughing, accompanied by coughing is the main presenting complaint and persistent cough is present.",Kasa,train,medium,84,"cough, with the text treating different cough patterns according to the dominant dosha",controlled paraphrase from source-derived profile
T1_0053,"On assessment, the cough occurs as a distinct respiratory disorder is noted, together with persistent cough is present and the respiratory complaint is dominated by coughing.",Kasa,train,medium,84,"cough, with the text treating different cough patterns according to the dominant dosha",controlled paraphrase from source-derived profile
T1_0054,"The symptom pattern includes the cough is treated according to dosha pattern, the respiratory complaint is dominated by coughing, and the cough occurs as a distinct respiratory disorder.",Kasa,train,medium,84,"cough, with the text treating different cough patterns according to the dominant dosha",controlled paraphrase from source-derived profile
T1_0055,"A typical presentation may include coughing is the main presenting complaint, while the cough occurs as a distinct respiratory disorder and the cough is treated according to dosha pattern are also observed.",Kasa,train,medium,84,"cough, with the text treating different cough patterns according to the dominant dosha",controlled paraphrase from source-derived profile
T1_0056,The case shows persistent cough is present; associated findings include the cough is treated according to dosha pattern and coughing is the main presenting complaint.,Kasa,validation,hard,84,"cough, with the text treating different cough patterns according to the dominant dosha",controlled paraphrase from source-derived profile
T1_0057,The patient has the respiratory complaint is dominated by coughing and coughing is the main presenting complaint; another notable feature is that persistent cough is present.,Kasa,validation,hard,84,"cough, with the text treating different cough patterns according to the dominant dosha",controlled paraphrase from source-derived profile
T1_0058,"The clinical picture is mainly the cough occurs as a distinct respiratory disorder, with additional features of persistent cough is present and the respiratory complaint is dominated by coughing.",Kasa,test,hard,84,"cough, with the text treating different cough patterns according to the dominant dosha",controlled paraphrase from source-derived profile
T1_0059,"The reported symptoms are the cough is treated according to dosha pattern, the respiratory complaint is dominated by coughing, and the cough occurs as a distinct respiratory disorder.",Kasa,test,hard,84,"cough, with the text treating different cough patterns according to the dominant dosha",controlled paraphrase from source-derived profile
T1_0060,"The presentation is suggestive of a disorder with coughing is the main presenting complaint, the cough occurs as a distinct respiratory disorder, and the cough is treated according to dosha pattern.",Kasa,test,hard,84,"cough, with the text treating different cough patterns according to the dominant dosha",controlled paraphrase from source-derived profile
T1_0061,"A patient presents with hiccup is prominent, breathing is difficult, and chest/airway obstruction is present.",Hidhma-Shwasa,train,easy,105,hiccup and breathlessness associated with obstructed respiratory movement; the text relates them to similar causes and treatment and describes chest/airway obstruction,controlled paraphrase from source-derived profile
T1_0062,"The main findings are respiratory movement feels obstructed, along with chest/airway obstruction is present and the complaint is associated with disturbed Vata and Kapha movement.",Hidhma-Shwasa,train,easy,105,hiccup and breathlessness associated with obstructed respiratory movement; the text relates them to similar causes and treatment and describes chest/airway obstruction,controlled paraphrase from source-derived profile
T1_0063,Clinical features include hiccup and breathlessness occur together; the patient also has the complaint is associated with disturbed Vata and Kapha movement and breathing is difficult.,Hidhma-Shwasa,train,easy,105,hiccup and breathlessness associated with obstructed respiratory movement; the text relates them to similar causes and treatment and describes chest/airway obstruction,controlled paraphrase from source-derived profile
T1_0064,"The presentation is characterized by hiccup is prominent, with breathing is difficult and chest/airway obstruction is present occurring together.",Hidhma-Shwasa,train,easy,105,hiccup and breathlessness associated with obstructed respiratory movement; the text relates them to similar causes and treatment and describes chest/airway obstruction,controlled paraphrase from source-derived profile
T1_0065,A case is described with respiratory movement feels obstructed. Additional findings are chest/airway obstruction is present and the complaint is associated with disturbed Vata and Kapha movement.,Hidhma-Shwasa,train,easy,105,hiccup and breathlessness associated with obstructed respiratory movement; the text relates them to similar causes and treatment and describes chest/airway obstruction,controlled paraphrase from source-derived profile
T1_0066,"The patient reports hiccup and breathlessness occur together and the complaint is associated with disturbed Vata and Kapha movement, with breathing is difficult also present.",Hidhma-Shwasa,train,medium,105,hiccup and breathlessness associated with obstructed respiratory movement; the text relates them to similar causes and treatment and describes chest/airway obstruction,controlled paraphrase from source-derived profile
T1_0067,"The dominant complaint is hiccup is prominent, accompanied by breathing is difficult and chest/airway obstruction is present.",Hidhma-Shwasa,train,medium,105,hiccup and breathlessness associated with obstructed respiratory movement; the text relates them to similar causes and treatment and describes chest/airway obstruction,controlled paraphrase from source-derived profile
T1_0068,"On assessment, respiratory movement feels obstructed is noted, together with chest/airway obstruction is present and the complaint is associated with disturbed Vata and Kapha movement.",Hidhma-Shwasa,train,medium,105,hiccup and breathlessness associated with obstructed respiratory movement; the text relates them to similar causes and treatment and describes chest/airway obstruction,controlled paraphrase from source-derived profile
T1_0069,"The symptom pattern includes hiccup and breathlessness occur together, the complaint is associated with disturbed Vata and Kapha movement, and breathing is difficult.",Hidhma-Shwasa,train,medium,105,hiccup and breathlessness associated with obstructed respiratory movement; the text relates them to similar causes and treatment and describes chest/airway obstruction,controlled paraphrase from source-derived profile
T1_0070,"A typical presentation may include hiccup is prominent, while breathing is difficult and chest/airway obstruction is present are also observed.",Hidhma-Shwasa,train,medium,105,hiccup and breathlessness associated with obstructed respiratory movement; the text relates them to similar causes and treatment and describes chest/airway obstruction,controlled paraphrase from source-derived profile
T1_0071,The case shows respiratory movement feels obstructed; associated findings include chest/airway obstruction is present and the complaint is associated with disturbed Vata and Kapha movement.,Hidhma-Shwasa,validation,hard,105,hiccup and breathlessness associated with obstructed respiratory movement; the text relates them to similar causes and treatment and describes chest/airway obstruction,controlled paraphrase from source-derived profile
T1_0072,The patient has hiccup and breathlessness occur together and the complaint is associated with disturbed Vata and Kapha movement; another notable feature is that breathing is difficult.,Hidhma-Shwasa,validation,hard,105,hiccup and breathlessness associated with obstructed respiratory movement; the text relates them to similar causes and treatment and describes chest/airway obstruction,controlled paraphrase from source-derived profile
T1_0073,"The clinical picture is mainly hiccup is prominent, with additional features of breathing is difficult and chest/airway obstruction is present.",Hidhma-Shwasa,test,hard,105,hiccup and breathlessness associated with obstructed respiratory movement; the text relates them to similar causes and treatment and describes chest/airway obstruction,controlled paraphrase from source-derived profile
T1_0074,"The reported symptoms are respiratory movement feels obstructed, chest/airway obstruction is present, and the complaint is associated with disturbed Vata and Kapha movement.",Hidhma-Shwasa,test,hard,105,hiccup and breathlessness associated with obstructed respiratory movement; the text relates them to similar causes and treatment and describes chest/airway obstruction,controlled paraphrase from source-derived profile
T1_0075,"The presentation is suggestive of a disorder with hiccup and breathlessness occur together, the complaint is associated with disturbed Vata and Kapha movement, and breathing is difficult.",Hidhma-Shwasa,test,hard,105,hiccup and breathlessness associated with obstructed respiratory movement; the text relates them to similar causes and treatment and describes chest/airway obstruction,controlled paraphrase from source-derived profile
T1_0076,"A patient presents with cough is present, breathlessness is present, and the voice is altered.",Rajayakshma,train,easy,115,"a wasting-type illness with cough, breathlessness, fever, voice change and related symptoms; the chapter also discusses weakness and multiple dosha involvement",controlled paraphrase from source-derived profile
T1_0077,"The main findings are fever occurs, along with the voice is altered and multiple doshas are involved.",Rajayakshma,train,easy,115,"a wasting-type illness with cough, breathlessness, fever, voice change and related symptoms; the chapter also discusses weakness and multiple dosha involvement",controlled paraphrase from source-derived profile
T1_0078,Clinical features include weakness is prominent; the patient also has multiple doshas are involved and cough is present.,Rajayakshma,train,easy,115,"a wasting-type illness with cough, breathlessness, fever, voice change and related symptoms; the chapter also discusses weakness and multiple dosha involvement",controlled paraphrase from source-derived profile
T1_0079,"The presentation is characterized by the condition has a wasting-type presentation, with cough is present and fever occurs occurring together.",Rajayakshma,train,easy,115,"a wasting-type illness with cough, breathlessness, fever, voice change and related symptoms; the chapter also discusses weakness and multiple dosha involvement",controlled paraphrase from source-derived profile
T1_0080,A case is described with breathlessness is present. Additional findings are fever occurs and weakness is prominent.,Rajayakshma,train,easy,115,"a wasting-type illness with cough, breathlessness, fever, voice change and related symptoms; the chapter also discusses weakness and multiple dosha involvement",controlled paraphrase from source-derived profile
T1_0081,"The patient reports the voice is altered and weakness is prominent, with the condition has a wasting-type presentation also present.",Rajayakshma,train,medium,115,"a wasting-type illness with cough, breathlessness, fever, voice change and related symptoms; the chapter also discusses weakness and multiple dosha involvement",controlled paraphrase from source-derived profile
T1_0082,"The dominant complaint is multiple doshas are involved, accompanied by the condition has a wasting-type presentation and breathlessness is present.",Rajayakshma,train,medium,115,"a wasting-type illness with cough, breathlessness, fever, voice change and related symptoms; the chapter also discusses weakness and multiple dosha involvement",controlled paraphrase from source-derived profile
T1_0083,"On assessment, cough is present is noted, together with breathlessness is present and the voice is altered.",Rajayakshma,train,medium,115,"a wasting-type illness with cough, breathlessness, fever, voice change and related symptoms; the chapter also discusses weakness and multiple dosha involvement",controlled paraphrase from source-derived profile
T1_0084,"The symptom pattern includes fever occurs, the voice is altered, and multiple doshas are involved.",Rajayakshma,train,medium,115,"a wasting-type illness with cough, breathlessness, fever, voice change and related symptoms; the chapter also discusses weakness and multiple dosha involvement",controlled paraphrase from source-derived profile
T1_0085,"A typical presentation may include weakness is prominent, while multiple doshas are involved and cough is present are also observed.",Rajayakshma,train,medium,115,"a wasting-type illness with cough, breathlessness, fever, voice change and related symptoms; the chapter also discusses weakness and multiple dosha involvement",controlled paraphrase from source-derived profile
T1_0086,The case shows the condition has a wasting-type presentation; associated findings include cough is present and fever occurs.,Rajayakshma,validation,hard,115,"a wasting-type illness with cough, breathlessness, fever, voice change and related symptoms; the chapter also discusses weakness and multiple dosha involvement",controlled paraphrase from source-derived profile
T1_0087,The patient has breathlessness is present and fever occurs; another notable feature is that weakness is prominent.,Rajayakshma,validation,hard,115,"a wasting-type illness with cough, breathlessness, fever, voice change and related symptoms; the chapter also discusses weakness and multiple dosha involvement",controlled paraphrase from source-derived profile
T1_0088,"The clinical picture is mainly the voice is altered, with additional features of weakness is prominent and the condition has a wasting-type presentation.",Rajayakshma,test,hard,115,"a wasting-type illness with cough, breathlessness, fever, voice change and related symptoms; the chapter also discusses weakness and multiple dosha involvement",controlled paraphrase from source-derived profile
T1_0089,"The reported symptoms are multiple doshas are involved, the condition has a wasting-type presentation, and breathlessness is present.",Rajayakshma,test,hard,115,"a wasting-type illness with cough, breathlessness, fever, voice change and related symptoms; the chapter also discusses weakness and multiple dosha involvement",controlled paraphrase from source-derived profile
T1_0090,"The presentation is suggestive of a disorder with cough is present, breathlessness is present, and the voice is altered.",Rajayakshma,test,hard,115,"a wasting-type illness with cough, breathlessness, fever, voice change and related symptoms; the chapter also discusses weakness and multiple dosha involvement",controlled paraphrase from source-derived profile
T1_0091,"A patient presents with food does not pass normally, there is obstruction in the food passage, and the chest feels constricted.",Bhaktarodha,train,easy,133,"difficulty or obstruction in the passage of food, with salivation and chest constriction; the text links it with drying/obstruction of the food passage",controlled paraphrase from source-derived profile
T1_0092,"The main findings are salivation increases, along with the chest feels constricted and swallowing or food passage is the main complaint.",Bhaktarodha,train,easy,133,"difficulty or obstruction in the passage of food, with salivation and chest constriction; the text links it with drying/obstruction of the food passage",controlled paraphrase from source-derived profile
T1_0093,Clinical features include the food pathway feels dry and obstructed; the patient also has swallowing or food passage is the main complaint and there is obstruction in the food passage.,Bhaktarodha,train,easy,133,"difficulty or obstruction in the passage of food, with salivation and chest constriction; the text links it with drying/obstruction of the food passage",controlled paraphrase from source-derived profile
T1_0094,"The presentation is characterized by food does not pass normally, with there is obstruction in the food passage and the chest feels constricted occurring together.",Bhaktarodha,train,easy,133,"difficulty or obstruction in the passage of food, with salivation and chest constriction; the text links it with drying/obstruction of the food passage",controlled paraphrase from source-derived profile
T1_0095,A case is described with salivation increases. Additional findings are the chest feels constricted and swallowing or food passage is the main complaint.,Bhaktarodha,train,easy,133,"difficulty or obstruction in the passage of food, with salivation and chest constriction; the text links it with drying/obstruction of the food passage",controlled paraphrase from source-derived profile
T1_0096,"The patient reports the food pathway feels dry and obstructed and swallowing or food passage is the main complaint, with there is obstruction in the food passage also present.",Bhaktarodha,train,medium,133,"difficulty or obstruction in the passage of food, with salivation and chest constriction; the text links it with drying/obstruction of the food passage",controlled paraphrase from source-derived profile
T1_0097,"The dominant complaint is food does not pass normally, accompanied by there is obstruction in the food passage and the chest feels constricted.",Bhaktarodha,train,medium,133,"difficulty or obstruction in the passage of food, with salivation and chest constriction; the text links it with drying/obstruction of the food passage",controlled paraphrase from source-derived profile
T1_0098,"On assessment, salivation increases is noted, together with the chest feels constricted and swallowing or food passage is the main complaint.",Bhaktarodha,train,medium,133,"difficulty or obstruction in the passage of food, with salivation and chest constriction; the text links it with drying/obstruction of the food passage",controlled paraphrase from source-derived profile
T1_0099,"The symptom pattern includes the food pathway feels dry and obstructed, swallowing or food passage is the main complaint, and there is obstruction in the food passage.",Bhaktarodha,train,medium,133,"difficulty or obstruction in the passage of food, with salivation and chest constriction; the text links it with drying/obstruction of the food passage",controlled paraphrase from source-derived profile
T1_0100,"A typical presentation may include food does not pass normally, while there is obstruction in the food passage and the chest feels constricted are also observed.",Bhaktarodha,train,medium,133,"difficulty or obstruction in the passage of food, with salivation and chest constriction; the text links it with drying/obstruction of the food passage",controlled paraphrase from source-derived profile
T1_0101,The case shows salivation increases; associated findings include the chest feels constricted and swallowing or food passage is the main complaint.,Bhaktarodha,validation,hard,133,"difficulty or obstruction in the passage of food, with salivation and chest constriction; the text links it with drying/obstruction of the food passage",controlled paraphrase from source-derived profile
T1_0102,The patient has the food pathway feels dry and obstructed and swallowing or food passage is the main complaint; another notable feature is that there is obstruction in the food passage.,Bhaktarodha,validation,hard,133,"difficulty or obstruction in the passage of food, with salivation and chest constriction; the text links it with drying/obstruction of the food passage",controlled paraphrase from source-derived profile
T1_0103,"The clinical picture is mainly food does not pass normally, with additional features of there is obstruction in the food passage and the chest feels constricted.",Bhaktarodha,test,hard,133,"difficulty or obstruction in the passage of food, with salivation and chest constriction; the text links it with drying/obstruction of the food passage",controlled paraphrase from source-derived profile
T1_0104,"The reported symptoms are salivation increases, the chest feels constricted, and swallowing or food passage is the main complaint.",Bhaktarodha,test,hard,133,"difficulty or obstruction in the passage of food, with salivation and chest constriction; the text links it with drying/obstruction of the food passage",controlled paraphrase from source-derived profile
T1_0105,"The presentation is suggestive of a disorder with the food pathway feels dry and obstructed, swallowing or food passage is the main complaint, and there is obstruction in the food passage.",Bhaktarodha,test,hard,133,"difficulty or obstruction in the passage of food, with salivation and chest constriction; the text links it with drying/obstruction of the food passage",controlled paraphrase from source-derived profile
T1_0106,"A patient presents with vomiting is prominent, food or fluid is expelled repeatedly, and the digestive process is disturbed with vomiting.",Chardi,train,easy,138,"vomiting, with the chapter discussing vomiting associated with disturbed movement and digestion",controlled paraphrase from source-derived profile
T1_0107,"The main findings are the main complaint is vomiting, along with the digestive process is disturbed with vomiting and vomiting is prominent.",Chardi,train,easy,138,"vomiting, with the chapter discussing vomiting associated with disturbed movement and digestion",controlled paraphrase from source-derived profile
T1_0108,Clinical features include the patient has a recurrent vomiting episode; the patient also has vomiting is prominent and the main complaint is vomiting.,Chardi,train,easy,138,"vomiting, with the chapter discussing vomiting associated with disturbed movement and digestion",controlled paraphrase from source-derived profile
T1_0109,"The presentation is characterized by food or fluid is expelled repeatedly, with the main complaint is vomiting and the patient has a recurrent vomiting episode occurring together.",Chardi,train,easy,138,"vomiting, with the chapter discussing vomiting associated with disturbed movement and digestion",controlled paraphrase from source-derived profile
T1_0110,A case is described with the digestive process is disturbed with vomiting. Additional findings are the patient has a recurrent vomiting episode and food or fluid is expelled repeatedly.,Chardi,train,easy,138,"vomiting, with the chapter discussing vomiting associated with disturbed movement and digestion",controlled paraphrase from source-derived profile
T1_0111,"The patient reports vomiting is prominent and food or fluid is expelled repeatedly, with the digestive process is disturbed with vomiting also present.",Chardi,train,medium,138,"vomiting, with the chapter discussing vomiting associated with disturbed movement and digestion",controlled paraphrase from source-derived profile
T1_0112,"The dominant complaint is the main complaint is vomiting, accompanied by the digestive process is disturbed with vomiting and vomiting is prominent.",Chardi,train,medium,138,"vomiting, with the chapter discussing vomiting associated with disturbed movement and digestion",controlled paraphrase from source-derived profile
T1_0113,"On assessment, the patient has a recurrent vomiting episode is noted, together with vomiting is prominent and the main complaint is vomiting.",Chardi,train,medium,138,"vomiting, with the chapter discussing vomiting associated with disturbed movement and digestion",controlled paraphrase from source-derived profile
T1_0114,"The symptom pattern includes food or fluid is expelled repeatedly, the main complaint is vomiting, and the patient has a recurrent vomiting episode.",Chardi,train,medium,138,"vomiting, with the chapter discussing vomiting associated with disturbed movement and digestion",controlled paraphrase from source-derived profile
T1_0115,"A typical presentation may include the digestive process is disturbed with vomiting, while the patient has a recurrent vomiting episode and food or fluid is expelled repeatedly are also observed.",Chardi,train,medium,138,"vomiting, with the chapter discussing vomiting associated with disturbed movement and digestion",controlled paraphrase from source-derived profile
T1_0116,The case shows vomiting is prominent; associated findings include food or fluid is expelled repeatedly and the digestive process is disturbed with vomiting.,Chardi,validation,hard,138,"vomiting, with the chapter discussing vomiting associated with disturbed movement and digestion",controlled paraphrase from source-derived profile
T1_0117,The patient has the main complaint is vomiting and the digestive process is disturbed with vomiting; another notable feature is that vomiting is prominent.,Chardi,validation,hard,138,"vomiting, with the chapter discussing vomiting associated with disturbed movement and digestion",controlled paraphrase from source-derived profile
T1_0118,"The clinical picture is mainly the patient has a recurrent vomiting episode, with additional features of vomiting is prominent and the main complaint is vomiting.",Chardi,test,hard,138,"vomiting, with the chapter discussing vomiting associated with disturbed movement and digestion",controlled paraphrase from source-derived profile
T1_0119,"The reported symptoms are food or fluid is expelled repeatedly, the main complaint is vomiting, and the patient has a recurrent vomiting episode.",Chardi,test,hard,138,"vomiting, with the chapter discussing vomiting associated with disturbed movement and digestion",controlled paraphrase from source-derived profile
T1_0120,"The presentation is suggestive of a disorder with the digestive process is disturbed with vomiting, the patient has a recurrent vomiting episode, and food or fluid is expelled repeatedly.",Chardi,test,hard,138,"vomiting, with the chapter discussing vomiting associated with disturbed movement and digestion",controlled paraphrase from source-derived profile
T1_0121,"A patient presents with illness follows improper alcohol intake, alcohol was taken in excess, and the presentation follows inadequate or excessive drinking.",Madatyaya,train,easy,157,"illness arising from improper alcohol intake, especially insufficient, excessive or unsuitable drinking; the text describes dosha-related patterns and may include loss of consciousness",controlled paraphrase from source-derived profile
T1_0122,"The main findings are alcohol was taken in an unsuitable manner, along with the presentation follows inadequate or excessive drinking and loss of consciousness may occur in severe presentation.",Madatyaya,train,easy,157,"illness arising from improper alcohol intake, especially insufficient, excessive or unsuitable drinking; the text describes dosha-related patterns and may include loss of consciousness",controlled paraphrase from source-derived profile
T1_0123,Clinical features include dosha disturbance is associated with alcohol intake; the patient also has loss of consciousness may occur in severe presentation and alcohol was taken in excess.,Madatyaya,train,easy,157,"illness arising from improper alcohol intake, especially insufficient, excessive or unsuitable drinking; the text describes dosha-related patterns and may include loss of consciousness",controlled paraphrase from source-derived profile
T1_0124,"The presentation is characterized by illness follows improper alcohol intake, with alcohol was taken in excess and the presentation follows inadequate or excessive drinking occurring together.",Madatyaya,train,easy,157,"illness arising from improper alcohol intake, especially insufficient, excessive or unsuitable drinking; the text describes dosha-related patterns and may include loss of consciousness",controlled paraphrase from source-derived profile
T1_0125,A case is described with alcohol was taken in an unsuitable manner. Additional findings are the presentation follows inadequate or excessive drinking and loss of consciousness may occur in severe presentation.,Madatyaya,train,easy,157,"illness arising from improper alcohol intake, especially insufficient, excessive or unsuitable drinking; the text describes dosha-related patterns and may include loss of consciousness",controlled paraphrase from source-derived profile
T1_0126,"The patient reports dosha disturbance is associated with alcohol intake and loss of consciousness may occur in severe presentation, with alcohol was taken in excess also present.",Madatyaya,train,medium,157,"illness arising from improper alcohol intake, especially insufficient, excessive or unsuitable drinking; the text describes dosha-related patterns and may include loss of consciousness",controlled paraphrase from source-derived profile
T1_0127,"The dominant complaint is illness follows improper alcohol intake, accompanied by alcohol was taken in excess and the presentation follows inadequate or excessive drinking.",Madatyaya,train,medium,157,"illness arising from improper alcohol intake, especially insufficient, excessive or unsuitable drinking; the text describes dosha-related patterns and may include loss of consciousness",controlled paraphrase from source-derived profile
T1_0128,"On assessment, alcohol was taken in an unsuitable manner is noted, together with the presentation follows inadequate or excessive drinking and loss of consciousness may occur in severe presentation.",Madatyaya,train,medium,157,"illness arising from improper alcohol intake, especially insufficient, excessive or unsuitable drinking; the text describes dosha-related patterns and may include loss of consciousness",controlled paraphrase from source-derived profile
T1_0129,"The symptom pattern includes dosha disturbance is associated with alcohol intake, loss of consciousness may occur in severe presentation, and alcohol was taken in excess.",Madatyaya,train,medium,157,"illness arising from improper alcohol intake, especially insufficient, excessive or unsuitable drinking; the text describes dosha-related patterns and may include loss of consciousness",controlled paraphrase from source-derived profile
T1_0130,"A typical presentation may include illness follows improper alcohol intake, while alcohol was taken in excess and the presentation follows inadequate or excessive drinking are also observed.",Madatyaya,train,medium,157,"illness arising from improper alcohol intake, especially insufficient, excessive or unsuitable drinking; the text describes dosha-related patterns and may include loss of consciousness",controlled paraphrase from source-derived profile
T1_0131,The case shows alcohol was taken in an unsuitable manner; associated findings include the presentation follows inadequate or excessive drinking and loss of consciousness may occur in severe presentation.,Madatyaya,validation,hard,157,"illness arising from improper alcohol intake, especially insufficient, excessive or unsuitable drinking; the text describes dosha-related patterns and may include loss of consciousness",controlled paraphrase from source-derived profile
T1_0132,The patient has dosha disturbance is associated with alcohol intake and loss of consciousness may occur in severe presentation; another notable feature is that alcohol was taken in excess.,Madatyaya,validation,hard,157,"illness arising from improper alcohol intake, especially insufficient, excessive or unsuitable drinking; the text describes dosha-related patterns and may include loss of consciousness",controlled paraphrase from source-derived profile
T1_0133,"The clinical picture is mainly illness follows improper alcohol intake, with additional features of alcohol was taken in excess and the presentation follows inadequate or excessive drinking.",Madatyaya,test,hard,157,"illness arising from improper alcohol intake, especially insufficient, excessive or unsuitable drinking; the text describes dosha-related patterns and may include loss of consciousness",controlled paraphrase from source-derived profile
T1_0134,"The reported symptoms are alcohol was taken in an unsuitable manner, the presentation follows inadequate or excessive drinking, and loss of consciousness may occur in severe presentation.",Madatyaya,test,hard,157,"illness arising from improper alcohol intake, especially insufficient, excessive or unsuitable drinking; the text describes dosha-related patterns and may include loss of consciousness",controlled paraphrase from source-derived profile
T1_0135,"The presentation is suggestive of a disorder with dosha disturbance is associated with alcohol intake, loss of consciousness may occur in severe presentation, and alcohol was taken in excess.",Madatyaya,test,hard,157,"illness arising from improper alcohol intake, especially insufficient, excessive or unsuitable drinking; the text describes dosha-related patterns and may include loss of consciousness",controlled paraphrase from source-derived profile
T1_0136,"A patient presents with piles or hemorrhoidal lesions are present, a visible anorectal lesion is present, and the complaint is localized to the anorectal region.",Arshas,train,easy,164,"piles/hemorrhoidal disease, including visible and non-visible forms; the text distinguishes external lesions and internal cleansing approaches",controlled paraphrase from source-derived profile
T1_0137,"The main findings are the condition may be internal rather than visible, along with the complaint is localized to the anorectal region and piles or hemorrhoidal lesions are present.",Arshas,train,easy,164,"piles/hemorrhoidal disease, including visible and non-visible forms; the text distinguishes external lesions and internal cleansing approaches",controlled paraphrase from source-derived profile
T1_0138,Clinical features include the text distinguishes visible and non-visible forms; the patient also has piles or hemorrhoidal lesions are present and the condition may be internal rather than visible.,Arshas,train,easy,164,"piles/hemorrhoidal disease, including visible and non-visible forms; the text distinguishes external lesions and internal cleansing approaches",controlled paraphrase from source-derived profile
T1_0139,"The presentation is characterized by a visible anorectal lesion is present, with the condition may be internal rather than visible and the text distinguishes visible and non-visible forms occurring together.",Arshas,train,easy,164,"piles/hemorrhoidal disease, including visible and non-visible forms; the text distinguishes external lesions and internal cleansing approaches",controlled paraphrase from source-derived profile
T1_0140,A case is described with the complaint is localized to the anorectal region. Additional findings are the text distinguishes visible and non-visible forms and a visible anorectal lesion is present.,Arshas,train,easy,164,"piles/hemorrhoidal disease, including visible and non-visible forms; the text distinguishes external lesions and internal cleansing approaches",controlled paraphrase from source-derived profile
T1_0141,"The patient reports piles or hemorrhoidal lesions are present and a visible anorectal lesion is present, with the complaint is localized to the anorectal region also present.",Arshas,train,medium,164,"piles/hemorrhoidal disease, including visible and non-visible forms; the text distinguishes external lesions and internal cleansing approaches",controlled paraphrase from source-derived profile
T1_0142,"The dominant complaint is the condition may be internal rather than visible, accompanied by the complaint is localized to the anorectal region and piles or hemorrhoidal lesions are present.",Arshas,train,medium,164,"piles/hemorrhoidal disease, including visible and non-visible forms; the text distinguishes external lesions and internal cleansing approaches",controlled paraphrase from source-derived profile
T1_0143,"On assessment, the text distinguishes visible and non-visible forms is noted, together with piles or hemorrhoidal lesions are present and the condition may be internal rather than visible.",Arshas,train,medium,164,"piles/hemorrhoidal disease, including visible and non-visible forms; the text distinguishes external lesions and internal cleansing approaches",controlled paraphrase from source-derived profile
T1_0144,"The symptom pattern includes a visible anorectal lesion is present, the condition may be internal rather than visible, and the text distinguishes visible and non-visible forms.",Arshas,train,medium,164,"piles/hemorrhoidal disease, including visible and non-visible forms; the text distinguishes external lesions and internal cleansing approaches",controlled paraphrase from source-derived profile
T1_0145,"A typical presentation may include the complaint is localized to the anorectal region, while the text distinguishes visible and non-visible forms and a visible anorectal lesion is present are also observed.",Arshas,train,medium,164,"piles/hemorrhoidal disease, including visible and non-visible forms; the text distinguishes external lesions and internal cleansing approaches",controlled paraphrase from source-derived profile
T1_0146,The case shows piles or hemorrhoidal lesions are present; associated findings include a visible anorectal lesion is present and the complaint is localized to the anorectal region.,Arshas,validation,hard,164,"piles/hemorrhoidal disease, including visible and non-visible forms; the text distinguishes external lesions and internal cleansing approaches",controlled paraphrase from source-derived profile
T1_0147,The patient has the condition may be internal rather than visible and the complaint is localized to the anorectal region; another notable feature is that piles or hemorrhoidal lesions are present.,Arshas,validation,hard,164,"piles/hemorrhoidal disease, including visible and non-visible forms; the text distinguishes external lesions and internal cleansing approaches",controlled paraphrase from source-derived profile
T1_0148,"The clinical picture is mainly the text distinguishes visible and non-visible forms, with additional features of piles or hemorrhoidal lesions are present and the condition may be internal rather than visible.",Arshas,test,hard,164,"piles/hemorrhoidal disease, including visible and non-visible forms; the text distinguishes external lesions and internal cleansing approaches",controlled paraphrase from source-derived profile
T1_0149,"The reported symptoms are a visible anorectal lesion is present, the condition may be internal rather than visible, and the text distinguishes visible and non-visible forms.",Arshas,test,hard,164,"piles/hemorrhoidal disease, including visible and non-visible forms; the text distinguishes external lesions and internal cleansing approaches",controlled paraphrase from source-derived profile
T1_0150,"The presentation is suggestive of a disorder with the complaint is localized to the anorectal region, the text distinguishes visible and non-visible forms, and a visible anorectal lesion is present.",Arshas,test,hard,164,"piles/hemorrhoidal disease, including visible and non-visible forms; the text distinguishes external lesions and internal cleansing approaches",controlled paraphrase from source-derived profile
T1_0151,"A patient presents with diarrhea is prominent, digestive strength is reduced, and abdominal distension may occur.",Atisara,train,easy,178,"diarrhea, often described with loss of digestive strength; abdominal pain, abdominal distension and excessive salivation may accompany ama-associated cases",controlled paraphrase from source-derived profile
T1_0152,"The main findings are abdominal pain may occur, along with abdominal distension may occur and the condition may be associated with ama.",Atisara,train,easy,178,"diarrhea, often described with loss of digestive strength; abdominal pain, abdominal distension and excessive salivation may accompany ama-associated cases",controlled paraphrase from source-derived profile
T1_0153,Clinical features include salivation may increase; the patient also has the condition may be associated with ama and diarrhea is prominent.,Atisara,train,easy,178,"diarrhea, often described with loss of digestive strength; abdominal pain, abdominal distension and excessive salivation may accompany ama-associated cases",controlled paraphrase from source-derived profile
T1_0154,"The presentation is characterized by bowel movements are frequent or loose, with diarrhea is prominent and abdominal pain may occur occurring together.",Atisara,train,easy,178,"diarrhea, often described with loss of digestive strength; abdominal pain, abdominal distension and excessive salivation may accompany ama-associated cases",controlled paraphrase from source-derived profile
T1_0155,A case is described with digestive strength is reduced. Additional findings are abdominal pain may occur and salivation may increase.,Atisara,train,easy,178,"diarrhea, often described with loss of digestive strength; abdominal pain, abdominal distension and excessive salivation may accompany ama-associated cases",controlled paraphrase from source-derived profile
T1_0156,"The patient reports abdominal distension may occur and salivation may increase, with bowel movements are frequent or loose also present.",Atisara,train,medium,178,"diarrhea, often described with loss of digestive strength; abdominal pain, abdominal distension and excessive salivation may accompany ama-associated cases",controlled paraphrase from source-derived profile
T1_0157,"The dominant complaint is the condition may be associated with ama, accompanied by bowel movements are frequent or loose and digestive strength is reduced.",Atisara,train,medium,178,"diarrhea, often described with loss of digestive strength; abdominal pain, abdominal distension and excessive salivation may accompany ama-associated cases",controlled paraphrase from source-derived profile
T1_0158,"On assessment, diarrhea is prominent is noted, together with digestive strength is reduced and abdominal distension may occur.",Atisara,train,medium,178,"diarrhea, often described with loss of digestive strength; abdominal pain, abdominal distension and excessive salivation may accompany ama-associated cases",controlled paraphrase from source-derived profile
T1_0159,"The symptom pattern includes abdominal pain may occur, abdominal distension may occur, and the condition may be associated with ama.",Atisara,train,medium,178,"diarrhea, often described with loss of digestive strength; abdominal pain, abdominal distension and excessive salivation may accompany ama-associated cases",controlled paraphrase from source-derived profile
T1_0160,"A typical presentation may include salivation may increase, while the condition may be associated with ama and diarrhea is prominent are also observed.",Atisara,train,medium,178,"diarrhea, often described with loss of digestive strength; abdominal pain, abdominal distension and excessive salivation may accompany ama-associated cases",controlled paraphrase from source-derived profile
T1_0161,The case shows bowel movements are frequent or loose; associated findings include diarrhea is prominent and abdominal pain may occur.,Atisara,validation,hard,178,"diarrhea, often described with loss of digestive strength; abdominal pain, abdominal distension and excessive salivation may accompany ama-associated cases",controlled paraphrase from source-derived profile
T1_0162,The patient has digestive strength is reduced and abdominal pain may occur; another notable feature is that salivation may increase.,Atisara,validation,hard,178,"diarrhea, often described with loss of digestive strength; abdominal pain, abdominal distension and excessive salivation may accompany ama-associated cases",controlled paraphrase from source-derived profile
T1_0163,"The clinical picture is mainly abdominal distension may occur, with additional features of salivation may increase and bowel movements are frequent or loose.",Atisara,test,hard,178,"diarrhea, often described with loss of digestive strength; abdominal pain, abdominal distension and excessive salivation may accompany ama-associated cases",controlled paraphrase from source-derived profile
T1_0164,"The reported symptoms are the condition may be associated with ama, bowel movements are frequent or loose, and digestive strength is reduced.",Atisara,test,hard,178,"diarrhea, often described with loss of digestive strength; abdominal pain, abdominal distension and excessive salivation may accompany ama-associated cases",controlled paraphrase from source-derived profile
T1_0165,"The presentation is suggestive of a disorder with diarrhea is prominent, digestive strength is reduced, and abdominal distension may occur.",Atisara,test,hard,178,"diarrhea, often described with loss of digestive strength; abdominal pain, abdominal distension and excessive salivation may accompany ama-associated cases",controlled paraphrase from source-derived profile
T1_0166,"A patient presents with digestion is impaired, indigestion is present, and digestive correction is central to the presentation.",Grahani,train,easy,199,"a chronic digestive/intestinal disorder requiring digestion and metabolic correction; the text discusses indigestion, diarrhea and the staged use of pachana and deepana",controlled paraphrase from source-derived profile
T1_0167,"The main findings are diarrheal tendency may occur, along with digestive correction is central to the presentation and the condition is managed with pachana and deepana approaches.",Grahani,train,easy,199,"a chronic digestive/intestinal disorder requiring digestion and metabolic correction; the text discusses indigestion, diarrhea and the staged use of pachana and deepana",controlled paraphrase from source-derived profile
T1_0168,Clinical features include the intestinal disorder is persistent or recurrent; the patient also has the condition is managed with pachana and deepana approaches and indigestion is present.,Grahani,train,easy,199,"a chronic digestive/intestinal disorder requiring digestion and metabolic correction; the text discusses indigestion, diarrhea and the staged use of pachana and deepana",controlled paraphrase from source-derived profile
T1_0169,"The presentation is characterized by digestion is impaired, with indigestion is present and digestive correction is central to the presentation occurring together.",Grahani,train,easy,199,"a chronic digestive/intestinal disorder requiring digestion and metabolic correction; the text discusses indigestion, diarrhea and the staged use of pachana and deepana",controlled paraphrase from source-derived profile
T1_0170,A case is described with diarrheal tendency may occur. Additional findings are digestive correction is central to the presentation and the condition is managed with pachana and deepana approaches.,Grahani,train,easy,199,"a chronic digestive/intestinal disorder requiring digestion and metabolic correction; the text discusses indigestion, diarrhea and the staged use of pachana and deepana",controlled paraphrase from source-derived profile
T1_0171,"The patient reports the intestinal disorder is persistent or recurrent and the condition is managed with pachana and deepana approaches, with indigestion is present also present.",Grahani,train,medium,199,"a chronic digestive/intestinal disorder requiring digestion and metabolic correction; the text discusses indigestion, diarrhea and the staged use of pachana and deepana",controlled paraphrase from source-derived profile
T1_0172,"The dominant complaint is digestion is impaired, accompanied by indigestion is present and digestive correction is central to the presentation.",Grahani,train,medium,199,"a chronic digestive/intestinal disorder requiring digestion and metabolic correction; the text discusses indigestion, diarrhea and the staged use of pachana and deepana",controlled paraphrase from source-derived profile
T1_0173,"On assessment, diarrheal tendency may occur is noted, together with digestive correction is central to the presentation and the condition is managed with pachana and deepana approaches.",Grahani,train,medium,199,"a chronic digestive/intestinal disorder requiring digestion and metabolic correction; the text discusses indigestion, diarrhea and the staged use of pachana and deepana",controlled paraphrase from source-derived profile
T1_0174,"The symptom pattern includes the intestinal disorder is persistent or recurrent, the condition is managed with pachana and deepana approaches, and indigestion is present.",Grahani,train,medium,199,"a chronic digestive/intestinal disorder requiring digestion and metabolic correction; the text discusses indigestion, diarrhea and the staged use of pachana and deepana",controlled paraphrase from source-derived profile
T1_0175,"A typical presentation may include digestion is impaired, while indigestion is present and digestive correction is central to the presentation are also observed.",Grahani,train,medium,199,"a chronic digestive/intestinal disorder requiring digestion and metabolic correction; the text discusses indigestion, diarrhea and the staged use of pachana and deepana",controlled paraphrase from source-derived profile
T1_0176,The case shows diarrheal tendency may occur; associated findings include digestive correction is central to the presentation and the condition is managed with pachana and deepana approaches.,Grahani,validation,hard,199,"a chronic digestive/intestinal disorder requiring digestion and metabolic correction; the text discusses indigestion, diarrhea and the staged use of pachana and deepana",controlled paraphrase from source-derived profile
T1_0177,The patient has the intestinal disorder is persistent or recurrent and the condition is managed with pachana and deepana approaches; another notable feature is that indigestion is present.,Grahani,validation,hard,199,"a chronic digestive/intestinal disorder requiring digestion and metabolic correction; the text discusses indigestion, diarrhea and the staged use of pachana and deepana",controlled paraphrase from source-derived profile
T1_0178,"The clinical picture is mainly digestion is impaired, with additional features of indigestion is present and digestive correction is central to the presentation.",Grahani,test,hard,199,"a chronic digestive/intestinal disorder requiring digestion and metabolic correction; the text discusses indigestion, diarrhea and the staged use of pachana and deepana",controlled paraphrase from source-derived profile
T1_0179,"The reported symptoms are diarrheal tendency may occur, digestive correction is central to the presentation, and the condition is managed with pachana and deepana approaches.",Grahani,test,hard,199,"a chronic digestive/intestinal disorder requiring digestion and metabolic correction; the text discusses indigestion, diarrhea and the staged use of pachana and deepana",controlled paraphrase from source-derived profile
T1_0180,"The presentation is suggestive of a disorder with the intestinal disorder is persistent or recurrent, the condition is managed with pachana and deepana approaches, and indigestion is present.",Grahani,test,hard,199,"a chronic digestive/intestinal disorder requiring digestion and metabolic correction; the text discusses indigestion, diarrhea and the staged use of pachana and deepana",controlled paraphrase from source-derived profile
T1_0181,"A patient presents with urination is painful, urination is difficult, and urinary discomfort is prominent.",Mutrakricchra,train,easy,214,"painful or difficult urination, with burning and urinary discomfort; the text distinguishes Vata-, Pitta- and Kapha-associated patterns",controlled paraphrase from source-derived profile
T1_0182,"The main findings are burning occurs during urination, along with urinary discomfort is prominent and the patient has difficulty passing urine.",Mutrakricchra,train,easy,214,"painful or difficult urination, with burning and urinary discomfort; the text distinguishes Vata-, Pitta- and Kapha-associated patterns",controlled paraphrase from source-derived profile
T1_0183,Clinical features include the urinary complaint follows a dosha-specific pattern; the patient also has the patient has difficulty passing urine and urination is difficult.,Mutrakricchra,train,easy,214,"painful or difficult urination, with burning and urinary discomfort; the text distinguishes Vata-, Pitta- and Kapha-associated patterns",controlled paraphrase from source-derived profile
T1_0184,"The presentation is characterized by urination is painful, with urination is difficult and urinary discomfort is prominent occurring together.",Mutrakricchra,train,easy,214,"painful or difficult urination, with burning and urinary discomfort; the text distinguishes Vata-, Pitta- and Kapha-associated patterns",controlled paraphrase from source-derived profile
T1_0185,A case is described with burning occurs during urination. Additional findings are urinary discomfort is prominent and the patient has difficulty passing urine.,Mutrakricchra,train,easy,214,"painful or difficult urination, with burning and urinary discomfort; the text distinguishes Vata-, Pitta- and Kapha-associated patterns",controlled paraphrase from source-derived profile
T1_0186,"The patient reports the urinary complaint follows a dosha-specific pattern and the patient has difficulty passing urine, with urination is difficult also present.",Mutrakricchra,train,medium,214,"painful or difficult urination, with burning and urinary discomfort; the text distinguishes Vata-, Pitta- and Kapha-associated patterns",controlled paraphrase from source-derived profile
T1_0187,"The dominant complaint is urination is painful, accompanied by urination is difficult and urinary discomfort is prominent.",Mutrakricchra,train,medium,214,"painful or difficult urination, with burning and urinary discomfort; the text distinguishes Vata-, Pitta- and Kapha-associated patterns",controlled paraphrase from source-derived profile
T1_0188,"On assessment, burning occurs during urination is noted, together with urinary discomfort is prominent and the patient has difficulty passing urine.",Mutrakricchra,train,medium,214,"painful or difficult urination, with burning and urinary discomfort; the text distinguishes Vata-, Pitta- and Kapha-associated patterns",controlled paraphrase from source-derived profile
T1_0189,"The symptom pattern includes the urinary complaint follows a dosha-specific pattern, the patient has difficulty passing urine, and urination is difficult.",Mutrakricchra,train,medium,214,"painful or difficult urination, with burning and urinary discomfort; the text distinguishes Vata-, Pitta- and Kapha-associated patterns",controlled paraphrase from source-derived profile
T1_0190,"A typical presentation may include urination is painful, while urination is difficult and urinary discomfort is prominent are also observed.",Mutrakricchra,train,medium,214,"painful or difficult urination, with burning and urinary discomfort; the text distinguishes Vata-, Pitta- and Kapha-associated patterns",controlled paraphrase from source-derived profile
T1_0191,The case shows burning occurs during urination; associated findings include urinary discomfort is prominent and the patient has difficulty passing urine.,Mutrakricchra,validation,hard,214,"painful or difficult urination, with burning and urinary discomfort; the text distinguishes Vata-, Pitta- and Kapha-associated patterns",controlled paraphrase from source-derived profile
T1_0192,The patient has the urinary complaint follows a dosha-specific pattern and the patient has difficulty passing urine; another notable feature is that urination is difficult.,Mutrakricchra,validation,hard,214,"painful or difficult urination, with burning and urinary discomfort; the text distinguishes Vata-, Pitta- and Kapha-associated patterns",controlled paraphrase from source-derived profile
T1_0193,"The clinical picture is mainly urination is painful, with additional features of urination is difficult and urinary discomfort is prominent.",Mutrakricchra,test,hard,214,"painful or difficult urination, with burning and urinary discomfort; the text distinguishes Vata-, Pitta- and Kapha-associated patterns",controlled paraphrase from source-derived profile
T1_0194,"The reported symptoms are burning occurs during urination, urinary discomfort is prominent, and the patient has difficulty passing urine.",Mutrakricchra,test,hard,214,"painful or difficult urination, with burning and urinary discomfort; the text distinguishes Vata-, Pitta- and Kapha-associated patterns",controlled paraphrase from source-derived profile
T1_0195,"The presentation is suggestive of a disorder with the urinary complaint follows a dosha-specific pattern, the patient has difficulty passing urine, and urination is difficult.",Mutrakricchra,test,hard,214,"painful or difficult urination, with burning and urinary discomfort; the text distinguishes Vata-, Pitta- and Kapha-associated patterns",controlled paraphrase from source-derived profile
T1_0196,"A patient presents with urination is increased or disordered, urinary disturbance is prominent, and digestive/metabolic strength is reduced.",Prameha,train,easy,226,disordered urination associated in the text with increased urine and meda-related disturbance and reduced digestive/metabolic strength,controlled paraphrase from source-derived profile
T1_0197,"The main findings are meda-related disturbance is described, along with digestive/metabolic strength is reduced and the condition is associated with impaired metabolism.",Prameha,train,easy,226,disordered urination associated in the text with increased urine and meda-related disturbance and reduced digestive/metabolic strength,controlled paraphrase from source-derived profile
T1_0198,Clinical features include the complaint is centered on abnormal urine output; the patient also has the condition is associated with impaired metabolism and urinary disturbance is prominent.,Prameha,train,easy,226,disordered urination associated in the text with increased urine and meda-related disturbance and reduced digestive/metabolic strength,controlled paraphrase from source-derived profile
T1_0199,"The presentation is characterized by urination is increased or disordered, with urinary disturbance is prominent and digestive/metabolic strength is reduced occurring together.",Prameha,train,easy,226,disordered urination associated in the text with increased urine and meda-related disturbance and reduced digestive/metabolic strength,controlled paraphrase from source-derived profile
T1_0200,A case is described with meda-related disturbance is described. Additional findings are digestive/metabolic strength is reduced and the condition is associated with impaired metabolism.,Prameha,train,easy,226,disordered urination associated in the text with increased urine and meda-related disturbance and reduced digestive/metabolic strength,controlled paraphrase from source-derived profile
T1_0201,"The patient reports the complaint is centered on abnormal urine output and the condition is associated with impaired metabolism, with urinary disturbance is prominent also present.",Prameha,train,medium,226,disordered urination associated in the text with increased urine and meda-related disturbance and reduced digestive/metabolic strength,controlled paraphrase from source-derived profile
T1_0202,"The dominant complaint is urination is increased or disordered, accompanied by urinary disturbance is prominent and digestive/metabolic strength is reduced.",Prameha,train,medium,226,disordered urination associated in the text with increased urine and meda-related disturbance and reduced digestive/metabolic strength,controlled paraphrase from source-derived profile
T1_0203,"On assessment, meda-related disturbance is described is noted, together with digestive/metabolic strength is reduced and the condition is associated with impaired metabolism.",Prameha,train,medium,226,disordered urination associated in the text with increased urine and meda-related disturbance and reduced digestive/metabolic strength,controlled paraphrase from source-derived profile
T1_0204,"The symptom pattern includes the complaint is centered on abnormal urine output, the condition is associated with impaired metabolism, and urinary disturbance is prominent.",Prameha,train,medium,226,disordered urination associated in the text with increased urine and meda-related disturbance and reduced digestive/metabolic strength,controlled paraphrase from source-derived profile
T1_0205,"A typical presentation may include urination is increased or disordered, while urinary disturbance is prominent and digestive/metabolic strength is reduced are also observed.",Prameha,train,medium,226,disordered urination associated in the text with increased urine and meda-related disturbance and reduced digestive/metabolic strength,controlled paraphrase from source-derived profile
T1_0206,The case shows meda-related disturbance is described; associated findings include digestive/metabolic strength is reduced and the condition is associated with impaired metabolism.,Prameha,validation,hard,226,disordered urination associated in the text with increased urine and meda-related disturbance and reduced digestive/metabolic strength,controlled paraphrase from source-derived profile
T1_0207,The patient has the complaint is centered on abnormal urine output and the condition is associated with impaired metabolism; another notable feature is that urinary disturbance is prominent.,Prameha,validation,hard,226,disordered urination associated in the text with increased urine and meda-related disturbance and reduced digestive/metabolic strength,controlled paraphrase from source-derived profile
T1_0208,"The clinical picture is mainly urination is increased or disordered, with additional features of urinary disturbance is prominent and digestive/metabolic strength is reduced.",Prameha,test,hard,226,disordered urination associated in the text with increased urine and meda-related disturbance and reduced digestive/metabolic strength,controlled paraphrase from source-derived profile
T1_0209,"The reported symptoms are meda-related disturbance is described, digestive/metabolic strength is reduced, and the condition is associated with impaired metabolism.",Prameha,test,hard,226,disordered urination associated in the text with increased urine and meda-related disturbance and reduced digestive/metabolic strength,controlled paraphrase from source-derived profile
T1_0210,"The presentation is suggestive of a disorder with the complaint is centered on abnormal urine output, the condition is associated with impaired metabolism, and urinary disturbance is prominent.",Prameha,test,hard,226,disordered urination associated in the text with increased urine and meda-related disturbance and reduced digestive/metabolic strength,controlled paraphrase from source-derived profile
T1_0211,"A patient presents with a localized swelling is present, the swelling has an abscess-like character, and rapid treatment of the swelling is emphasized.",Vidradhi,train,easy,241,abscess-like swelling; the text describes six forms and emphasizes rapid management before suppuration and wound-like treatment after maturation,controlled paraphrase from source-derived profile
T1_0212,"The main findings are the lesion may mature and suppurate, along with rapid treatment of the swelling is emphasized and the lesion is treated according to its stage.",Vidradhi,train,easy,241,abscess-like swelling; the text describes six forms and emphasizes rapid management before suppuration and wound-like treatment after maturation,controlled paraphrase from source-derived profile
T1_0213,Clinical features include the condition may become wound-like after maturation; the patient also has the lesion is treated according to its stage and the swelling has an abscess-like character.,Vidradhi,train,easy,241,abscess-like swelling; the text describes six forms and emphasizes rapid management before suppuration and wound-like treatment after maturation,controlled paraphrase from source-derived profile
T1_0214,"The presentation is characterized by a localized swelling is present, with the swelling has an abscess-like character and rapid treatment of the swelling is emphasized occurring together.",Vidradhi,train,easy,241,abscess-like swelling; the text describes six forms and emphasizes rapid management before suppuration and wound-like treatment after maturation,controlled paraphrase from source-derived profile
T1_0215,A case is described with the lesion may mature and suppurate. Additional findings are rapid treatment of the swelling is emphasized and the lesion is treated according to its stage.,Vidradhi,train,easy,241,abscess-like swelling; the text describes six forms and emphasizes rapid management before suppuration and wound-like treatment after maturation,controlled paraphrase from source-derived profile
T1_0216,"The patient reports the condition may become wound-like after maturation and the lesion is treated according to its stage, with the swelling has an abscess-like character also present.",Vidradhi,train,medium,241,abscess-like swelling; the text describes six forms and emphasizes rapid management before suppuration and wound-like treatment after maturation,controlled paraphrase from source-derived profile
T1_0217,"The dominant complaint is a localized swelling is present, accompanied by the swelling has an abscess-like character and rapid treatment of the swelling is emphasized.",Vidradhi,train,medium,241,abscess-like swelling; the text describes six forms and emphasizes rapid management before suppuration and wound-like treatment after maturation,controlled paraphrase from source-derived profile
T1_0218,"On assessment, the lesion may mature and suppurate is noted, together with rapid treatment of the swelling is emphasized and the lesion is treated according to its stage.",Vidradhi,train,medium,241,abscess-like swelling; the text describes six forms and emphasizes rapid management before suppuration and wound-like treatment after maturation,controlled paraphrase from source-derived profile
T1_0219,"The symptom pattern includes the condition may become wound-like after maturation, the lesion is treated according to its stage, and the swelling has an abscess-like character.",Vidradhi,train,medium,241,abscess-like swelling; the text describes six forms and emphasizes rapid management before suppuration and wound-like treatment after maturation,controlled paraphrase from source-derived profile
T1_0220,"A typical presentation may include a localized swelling is present, while the swelling has an abscess-like character and rapid treatment of the swelling is emphasized are also observed.",Vidradhi,train,medium,241,abscess-like swelling; the text describes six forms and emphasizes rapid management before suppuration and wound-like treatment after maturation,controlled paraphrase from source-derived profile
T1_0221,The case shows the lesion may mature and suppurate; associated findings include rapid treatment of the swelling is emphasized and the lesion is treated according to its stage.,Vidradhi,validation,hard,241,abscess-like swelling; the text describes six forms and emphasizes rapid management before suppuration and wound-like treatment after maturation,controlled paraphrase from source-derived profile
T1_0222,The patient has the condition may become wound-like after maturation and the lesion is treated according to its stage; another notable feature is that the swelling has an abscess-like character.,Vidradhi,validation,hard,241,abscess-like swelling; the text describes six forms and emphasizes rapid management before suppuration and wound-like treatment after maturation,controlled paraphrase from source-derived profile
T1_0223,"The clinical picture is mainly a localized swelling is present, with additional features of the swelling has an abscess-like character and rapid treatment of the swelling is emphasized.",Vidradhi,test,hard,241,abscess-like swelling; the text describes six forms and emphasizes rapid management before suppuration and wound-like treatment after maturation,controlled paraphrase from source-derived profile
T1_0224,"The reported symptoms are the lesion may mature and suppurate, rapid treatment of the swelling is emphasized, and the lesion is treated according to its stage.",Vidradhi,test,hard,241,abscess-like swelling; the text describes six forms and emphasizes rapid management before suppuration and wound-like treatment after maturation,controlled paraphrase from source-derived profile
T1_0225,"The presentation is suggestive of a disorder with the condition may become wound-like after maturation, the lesion is treated according to its stage, and the swelling has an abscess-like character.",Vidradhi,test,hard,241,abscess-like swelling; the text describes six forms and emphasizes rapid management before suppuration and wound-like treatment after maturation,controlled paraphrase from source-derived profile
T1_0226,"A patient presents with an abdominal mass-like feeling is present, abdominal pain accompanies the mass-like complaint, and the abdominal region feels obstructed or painful.",Gulma,train,easy,251,"an abdominal mass-like disorder related to Vata; the chapter also describes associated abdominal pain and differentiates Vata, Kapha and other patterns",controlled paraphrase from source-derived profile
T1_0227,"The main findings are Vata is emphasized in the condition, along with the abdominal region feels obstructed or painful and the complaint resembles a localized abdominal mass.",Gulma,train,easy,251,"an abdominal mass-like disorder related to Vata; the chapter also describes associated abdominal pain and differentiates Vata, Kapha and other patterns",controlled paraphrase from source-derived profile
T1_0228,Clinical features include different dosha patterns are described; the patient also has the complaint resembles a localized abdominal mass and abdominal pain accompanies the mass-like complaint.,Gulma,train,easy,251,"an abdominal mass-like disorder related to Vata; the chapter also describes associated abdominal pain and differentiates Vata, Kapha and other patterns",controlled paraphrase from source-derived profile
T1_0229,"The presentation is characterized by an abdominal mass-like feeling is present, with abdominal pain accompanies the mass-like complaint and the abdominal region feels obstructed or painful occurring together.",Gulma,train,easy,251,"an abdominal mass-like disorder related to Vata; the chapter also describes associated abdominal pain and differentiates Vata, Kapha and other patterns",controlled paraphrase from source-derived profile
T1_0230,A case is described with Vata is emphasized in the condition. Additional findings are the abdominal region feels obstructed or painful and the complaint resembles a localized abdominal mass.,Gulma,train,easy,251,"an abdominal mass-like disorder related to Vata; the chapter also describes associated abdominal pain and differentiates Vata, Kapha and other patterns",controlled paraphrase from source-derived profile
T1_0231,"The patient reports different dosha patterns are described and the complaint resembles a localized abdominal mass, with abdominal pain accompanies the mass-like complaint also present.",Gulma,train,medium,251,"an abdominal mass-like disorder related to Vata; the chapter also describes associated abdominal pain and differentiates Vata, Kapha and other patterns",controlled paraphrase from source-derived profile
T1_0232,"The dominant complaint is an abdominal mass-like feeling is present, accompanied by abdominal pain accompanies the mass-like complaint and the abdominal region feels obstructed or painful.",Gulma,train,medium,251,"an abdominal mass-like disorder related to Vata; the chapter also describes associated abdominal pain and differentiates Vata, Kapha and other patterns",controlled paraphrase from source-derived profile
T1_0233,"On assessment, Vata is emphasized in the condition is noted, together with the abdominal region feels obstructed or painful and the complaint resembles a localized abdominal mass.",Gulma,train,medium,251,"an abdominal mass-like disorder related to Vata; the chapter also describes associated abdominal pain and differentiates Vata, Kapha and other patterns",controlled paraphrase from source-derived profile
T1_0234,"The symptom pattern includes different dosha patterns are described, the complaint resembles a localized abdominal mass, and abdominal pain accompanies the mass-like complaint.",Gulma,train,medium,251,"an abdominal mass-like disorder related to Vata; the chapter also describes associated abdominal pain and differentiates Vata, Kapha and other patterns",controlled paraphrase from source-derived profile
T1_0235,"A typical presentation may include an abdominal mass-like feeling is present, while abdominal pain accompanies the mass-like complaint and the abdominal region feels obstructed or painful are also observed.",Gulma,train,medium,251,"an abdominal mass-like disorder related to Vata; the chapter also describes associated abdominal pain and differentiates Vata, Kapha and other patterns",controlled paraphrase from source-derived profile
T1_0236,The case shows Vata is emphasized in the condition; associated findings include the abdominal region feels obstructed or painful and the complaint resembles a localized abdominal mass.,Gulma,validation,hard,251,"an abdominal mass-like disorder related to Vata; the chapter also describes associated abdominal pain and differentiates Vata, Kapha and other patterns",controlled paraphrase from source-derived profile
T1_0237,The patient has different dosha patterns are described and the complaint resembles a localized abdominal mass; another notable feature is that abdominal pain accompanies the mass-like complaint.,Gulma,validation,hard,251,"an abdominal mass-like disorder related to Vata; the chapter also describes associated abdominal pain and differentiates Vata, Kapha and other patterns",controlled paraphrase from source-derived profile
T1_0238,"The clinical picture is mainly an abdominal mass-like feeling is present, with additional features of abdominal pain accompanies the mass-like complaint and the abdominal region feels obstructed or painful.",Gulma,test,hard,251,"an abdominal mass-like disorder related to Vata; the chapter also describes associated abdominal pain and differentiates Vata, Kapha and other patterns",controlled paraphrase from source-derived profile
T1_0239,"The reported symptoms are Vata is emphasized in the condition, the abdominal region feels obstructed or painful, and the complaint resembles a localized abdominal mass.",Gulma,test,hard,251,"an abdominal mass-like disorder related to Vata; the chapter also describes associated abdominal pain and differentiates Vata, Kapha and other patterns",controlled paraphrase from source-derived profile
T1_0240,"The presentation is suggestive of a disorder with different dosha patterns are described, the complaint resembles a localized abdominal mass, and abdominal pain accompanies the mass-like complaint.",Gulma,test,hard,251,"an abdominal mass-like disorder related to Vata; the chapter also describes associated abdominal pain and differentiates Vata, Kapha and other patterns",controlled paraphrase from source-derived profile
T1_0241,"A patient presents with the abdomen is markedly enlarged, abdominal distension is prominent, and bodily channels are considered obstructed.",Mahodara,train,easy,272,marked abdominal enlargement/distension associated with excessive dosha accumulation and obstruction of bodily channels; fluid-related abdominal conditions are also discussed,controlled paraphrase from source-derived profile
T1_0242,"The main findings are excess dosha accumulation is described, along with bodily channels are considered obstructed and the abdomen appears abnormally expanded.",Mahodara,train,easy,272,marked abdominal enlargement/distension associated with excessive dosha accumulation and obstruction of bodily channels; fluid-related abdominal conditions are also discussed,controlled paraphrase from source-derived profile
T1_0243,Clinical features include fluid-related abdominal enlargement may occur; the patient also has the abdomen appears abnormally expanded and abdominal distension is prominent.,Mahodara,train,easy,272,marked abdominal enlargement/distension associated with excessive dosha accumulation and obstruction of bodily channels; fluid-related abdominal conditions are also discussed,controlled paraphrase from source-derived profile
T1_0244,"The presentation is characterized by the abdomen is markedly enlarged, with abdominal distension is prominent and bodily channels are considered obstructed occurring together.",Mahodara,train,easy,272,marked abdominal enlargement/distension associated with excessive dosha accumulation and obstruction of bodily channels; fluid-related abdominal conditions are also discussed,controlled paraphrase from source-derived profile
T1_0245,A case is described with excess dosha accumulation is described. Additional findings are bodily channels are considered obstructed and the abdomen appears abnormally expanded.,Mahodara,train,easy,272,marked abdominal enlargement/distension associated with excessive dosha accumulation and obstruction of bodily channels; fluid-related abdominal conditions are also discussed,controlled paraphrase from source-derived profile
T1_0246,"The patient reports fluid-related abdominal enlargement may occur and the abdomen appears abnormally expanded, with abdominal distension is prominent also present.",Mahodara,train,medium,272,marked abdominal enlargement/distension associated with excessive dosha accumulation and obstruction of bodily channels; fluid-related abdominal conditions are also discussed,controlled paraphrase from source-derived profile
T1_0247,"The dominant complaint is the abdomen is markedly enlarged, accompanied by abdominal distension is prominent and bodily channels are considered obstructed.",Mahodara,train,medium,272,marked abdominal enlargement/distension associated with excessive dosha accumulation and obstruction of bodily channels; fluid-related abdominal conditions are also discussed,controlled paraphrase from source-derived profile
T1_0248,"On assessment, excess dosha accumulation is described is noted, together with bodily channels are considered obstructed and the abdomen appears abnormally expanded.",Mahodara,train,medium,272,marked abdominal enlargement/distension associated with excessive dosha accumulation and obstruction of bodily channels; fluid-related abdominal conditions are also discussed,controlled paraphrase from source-derived profile
T1_0249,"The symptom pattern includes fluid-related abdominal enlargement may occur, the abdomen appears abnormally expanded, and abdominal distension is prominent.",Mahodara,train,medium,272,marked abdominal enlargement/distension associated with excessive dosha accumulation and obstruction of bodily channels; fluid-related abdominal conditions are also discussed,controlled paraphrase from source-derived profile
T1_0250,"A typical presentation may include the abdomen is markedly enlarged, while abdominal distension is prominent and bodily channels are considered obstructed are also observed.",Mahodara,train,medium,272,marked abdominal enlargement/distension associated with excessive dosha accumulation and obstruction of bodily channels; fluid-related abdominal conditions are also discussed,controlled paraphrase from source-derived profile
T1_0251,The case shows excess dosha accumulation is described; associated findings include bodily channels are considered obstructed and the abdomen appears abnormally expanded.,Mahodara,validation,hard,272,marked abdominal enlargement/distension associated with excessive dosha accumulation and obstruction of bodily channels; fluid-related abdominal conditions are also discussed,controlled paraphrase from source-derived profile
T1_0252,The patient has fluid-related abdominal enlargement may occur and the abdomen appears abnormally expanded; another notable feature is that abdominal distension is prominent.,Mahodara,validation,hard,272,marked abdominal enlargement/distension associated with excessive dosha accumulation and obstruction of bodily channels; fluid-related abdominal conditions are also discussed,controlled paraphrase from source-derived profile
T1_0253,"The clinical picture is mainly the abdomen is markedly enlarged, with additional features of abdominal distension is prominent and bodily channels are considered obstructed.",Mahodara,test,hard,272,marked abdominal enlargement/distension associated with excessive dosha accumulation and obstruction of bodily channels; fluid-related abdominal conditions are also discussed,controlled paraphrase from source-derived profile
T1_0254,"The reported symptoms are excess dosha accumulation is described, bodily channels are considered obstructed, and the abdomen appears abnormally expanded.",Mahodara,test,hard,272,marked abdominal enlargement/distension associated with excessive dosha accumulation and obstruction of bodily channels; fluid-related abdominal conditions are also discussed,controlled paraphrase from source-derived profile
T1_0255,"The presentation is suggestive of a disorder with fluid-related abdominal enlargement may occur, the abdomen appears abnormally expanded, and abdominal distension is prominent.",Mahodara,test,hard,272,marked abdominal enlargement/distension associated with excessive dosha accumulation and obstruction of bodily channels; fluid-related abdominal conditions are also discussed,controlled paraphrase from source-derived profile
T1_0256,"A patient presents with the patient has a pale or pallid appearance, pallor is the prominent presentation, and the presentation is centered on pallor.",Panduroga,train,easy,278,"pale/pallid disease presentation, with the chapter beginning treatment of Panduroga using medicated ghee preparations",controlled paraphrase from source-derived profile
T1_0257,"The main findings are the patient appears depleted or pale, along with the presentation is centered on pallor and the patient has a pale or pallid appearance.",Panduroga,train,easy,278,"pale/pallid disease presentation, with the chapter beginning treatment of Panduroga using medicated ghee preparations",controlled paraphrase from source-derived profile
T1_0258,Clinical features include the complexion is markedly pale; the patient also has the patient has a pale or pallid appearance and the patient appears depleted or pale.,Panduroga,train,easy,278,"pale/pallid disease presentation, with the chapter beginning treatment of Panduroga using medicated ghee preparations",controlled paraphrase from source-derived profile
T1_0259,"The presentation is characterized by pallor is the prominent presentation, with the patient appears depleted or pale and the complexion is markedly pale occurring together.",Panduroga,train,easy,278,"pale/pallid disease presentation, with the chapter beginning treatment of Panduroga using medicated ghee preparations",controlled paraphrase from source-derived profile
T1_0260,A case is described with the presentation is centered on pallor. Additional findings are the complexion is markedly pale and pallor is the prominent presentation.,Panduroga,train,easy,278,"pale/pallid disease presentation, with the chapter beginning treatment of Panduroga using medicated ghee preparations",controlled paraphrase from source-derived profile
T1_0261,"The patient reports the patient has a pale or pallid appearance and pallor is the prominent presentation, with the presentation is centered on pallor also present.",Panduroga,train,medium,278,"pale/pallid disease presentation, with the chapter beginning treatment of Panduroga using medicated ghee preparations",controlled paraphrase from source-derived profile
T1_0262,"The dominant complaint is the patient appears depleted or pale, accompanied by the presentation is centered on pallor and the patient has a pale or pallid appearance.",Panduroga,train,medium,278,"pale/pallid disease presentation, with the chapter beginning treatment of Panduroga using medicated ghee preparations",controlled paraphrase from source-derived profile
T1_0263,"On assessment, the complexion is markedly pale is noted, together with the patient has a pale or pallid appearance and the patient appears depleted or pale.",Panduroga,train,medium,278,"pale/pallid disease presentation, with the chapter beginning treatment of Panduroga using medicated ghee preparations",controlled paraphrase from source-derived profile
T1_0264,"The symptom pattern includes pallor is the prominent presentation, the patient appears depleted or pale, and the complexion is markedly pale.",Panduroga,train,medium,278,"pale/pallid disease presentation, with the chapter beginning treatment of Panduroga using medicated ghee preparations",controlled paraphrase from source-derived profile
T1_0265,"A typical presentation may include the presentation is centered on pallor, while the complexion is markedly pale and pallor is the prominent presentation are also observed.",Panduroga,train,medium,278,"pale/pallid disease presentation, with the chapter beginning treatment of Panduroga using medicated ghee preparations",controlled paraphrase from source-derived profile
T1_0266,The case shows the patient has a pale or pallid appearance; associated findings include pallor is the prominent presentation and the presentation is centered on pallor.,Panduroga,validation,hard,278,"pale/pallid disease presentation, with the chapter beginning treatment of Panduroga using medicated ghee preparations",controlled paraphrase from source-derived profile
T1_0267,The patient has the patient appears depleted or pale and the presentation is centered on pallor; another notable feature is that the patient has a pale or pallid appearance.,Panduroga,validation,hard,278,"pale/pallid disease presentation, with the chapter beginning treatment of Panduroga using medicated ghee preparations",controlled paraphrase from source-derived profile
T1_0268,"The clinical picture is mainly the complexion is markedly pale, with additional features of the patient has a pale or pallid appearance and the patient appears depleted or pale.",Panduroga,test,hard,278,"pale/pallid disease presentation, with the chapter beginning treatment of Panduroga using medicated ghee preparations",controlled paraphrase from source-derived profile
T1_0269,"The reported symptoms are pallor is the prominent presentation, the patient appears depleted or pale, and the complexion is markedly pale.",Panduroga,test,hard,278,"pale/pallid disease presentation, with the chapter beginning treatment of Panduroga using medicated ghee preparations",controlled paraphrase from source-derived profile
T1_0270,"The presentation is suggestive of a disorder with the presentation is centered on pallor, the complexion is markedly pale, and pallor is the prominent presentation.",Panduroga,test,hard,278,"pale/pallid disease presentation, with the chapter beginning treatment of Panduroga using medicated ghee preparations",controlled paraphrase from source-derived profile
T1_0271,"A patient presents with swelling is prominent, edema is present, and the complaint is characterized by bodily swelling.",Shotha,train,easy,291,swelling/edema; the chapter describes swelling and discusses dietary and lifestyle factors to avoid,controlled paraphrase from source-derived profile
T1_0272,"The main findings are the affected area appears swollen, along with the complaint is characterized by bodily swelling and the swelling is the main presenting feature.",Shotha,train,easy,291,swelling/edema; the chapter describes swelling and discusses dietary and lifestyle factors to avoid,controlled paraphrase from source-derived profile
T1_0273,Clinical features include diet and lifestyle factors are considered relevant; the patient also has the swelling is the main presenting feature and edema is present.,Shotha,train,easy,291,swelling/edema; the chapter describes swelling and discusses dietary and lifestyle factors to avoid,controlled paraphrase from source-derived profile
T1_0274,"The presentation is characterized by swelling is prominent, with edema is present and the complaint is characterized by bodily swelling occurring together.",Shotha,train,easy,291,swelling/edema; the chapter describes swelling and discusses dietary and lifestyle factors to avoid,controlled paraphrase from source-derived profile
T1_0275,A case is described with the affected area appears swollen. Additional findings are the complaint is characterized by bodily swelling and the swelling is the main presenting feature.,Shotha,train,easy,291,swelling/edema; the chapter describes swelling and discusses dietary and lifestyle factors to avoid,controlled paraphrase from source-derived profile
T1_0276,"The patient reports diet and lifestyle factors are considered relevant and the swelling is the main presenting feature, with edema is present also present.",Shotha,train,medium,291,swelling/edema; the chapter describes swelling and discusses dietary and lifestyle factors to avoid,controlled paraphrase from source-derived profile
T1_0277,"The dominant complaint is swelling is prominent, accompanied by edema is present and the complaint is characterized by bodily swelling.",Shotha,train,medium,291,swelling/edema; the chapter describes swelling and discusses dietary and lifestyle factors to avoid,controlled paraphrase from source-derived profile
T1_0278,"On assessment, the affected area appears swollen is noted, together with the complaint is characterized by bodily swelling and the swelling is the main presenting feature.",Shotha,train,medium,291,swelling/edema; the chapter describes swelling and discusses dietary and lifestyle factors to avoid,controlled paraphrase from source-derived profile
T1_0279,"The symptom pattern includes diet and lifestyle factors are considered relevant, the swelling is the main presenting feature, and edema is present.",Shotha,train,medium,291,swelling/edema; the chapter describes swelling and discusses dietary and lifestyle factors to avoid,controlled paraphrase from source-derived profile
T1_0280,"A typical presentation may include swelling is prominent, while edema is present and the complaint is characterized by bodily swelling are also observed.",Shotha,train,medium,291,swelling/edema; the chapter describes swelling and discusses dietary and lifestyle factors to avoid,controlled paraphrase from source-derived profile
T1_0281,The case shows the affected area appears swollen; associated findings include the complaint is characterized by bodily swelling and the swelling is the main presenting feature.,Shotha,validation,hard,291,swelling/edema; the chapter describes swelling and discusses dietary and lifestyle factors to avoid,controlled paraphrase from source-derived profile
T1_0282,The patient has diet and lifestyle factors are considered relevant and the swelling is the main presenting feature; another notable feature is that edema is present.,Shotha,validation,hard,291,swelling/edema; the chapter describes swelling and discusses dietary and lifestyle factors to avoid,controlled paraphrase from source-derived profile
T1_0283,"The clinical picture is mainly swelling is prominent, with additional features of edema is present and the complaint is characterized by bodily swelling.",Shotha,test,hard,291,swelling/edema; the chapter describes swelling and discusses dietary and lifestyle factors to avoid,controlled paraphrase from source-derived profile
T1_0284,"The reported symptoms are the affected area appears swollen, the complaint is characterized by bodily swelling, and the swelling is the main presenting feature.",Shotha,test,hard,291,swelling/edema; the chapter describes swelling and discusses dietary and lifestyle factors to avoid,controlled paraphrase from source-derived profile
T1_0285,"The presentation is suggestive of a disorder with diet and lifestyle factors are considered relevant, the swelling is the main presenting feature, and edema is present.",Shotha,test,hard,291,swelling/edema; the chapter describes swelling and discusses dietary and lifestyle factors to avoid,controlled paraphrase from source-derived profile
T1_0286,"A patient presents with the skin lesion spreads rapidly, a spreading inflammatory skin lesion is present, and the condition involves rapidly spreading skin/soft-tissue inflammation.",Visarpa,train,easy,298,rapidly spreading inflammatory skin/soft-tissue disease; the chapter recommends cleansing approaches even when dosha involvement is small,controlled paraphrase from source-derived profile
T1_0287,"The main findings are the affected area shows an expanding lesion, along with the condition involves rapidly spreading skin/soft-tissue inflammation and the skin lesion spreads rapidly.",Visarpa,train,easy,298,rapidly spreading inflammatory skin/soft-tissue disease; the chapter recommends cleansing approaches even when dosha involvement is small,controlled paraphrase from source-derived profile
T1_0288,Clinical features include the skin complaint progresses from one area to another; the patient also has the skin lesion spreads rapidly and the affected area shows an expanding lesion.,Visarpa,train,easy,298,rapidly spreading inflammatory skin/soft-tissue disease; the chapter recommends cleansing approaches even when dosha involvement is small,controlled paraphrase from source-derived profile
T1_0289,"The presentation is characterized by a spreading inflammatory skin lesion is present, with the affected area shows an expanding lesion and the skin complaint progresses from one area to another occurring together.",Visarpa,train,easy,298,rapidly spreading inflammatory skin/soft-tissue disease; the chapter recommends cleansing approaches even when dosha involvement is small,controlled paraphrase from source-derived profile
T1_0290,A case is described with the condition involves rapidly spreading skin/soft-tissue inflammation. Additional findings are the skin complaint progresses from one area to another and a spreading inflammatory skin lesion is present.,Visarpa,train,easy,298,rapidly spreading inflammatory skin/soft-tissue disease; the chapter recommends cleansing approaches even when dosha involvement is small,controlled paraphrase from source-derived profile
T1_0291,"The patient reports the skin lesion spreads rapidly and a spreading inflammatory skin lesion is present, with the condition involves rapidly spreading skin/soft-tissue inflammation also present.",Visarpa,train,medium,298,rapidly spreading inflammatory skin/soft-tissue disease; the chapter recommends cleansing approaches even when dosha involvement is small,controlled paraphrase from source-derived profile
T1_0292,"The dominant complaint is the affected area shows an expanding lesion, accompanied by the condition involves rapidly spreading skin/soft-tissue inflammation and the skin lesion spreads rapidly.",Visarpa,train,medium,298,rapidly spreading inflammatory skin/soft-tissue disease; the chapter recommends cleansing approaches even when dosha involvement is small,controlled paraphrase from source-derived profile
T1_0293,"On assessment, the skin complaint progresses from one area to another is noted, together with the skin lesion spreads rapidly and the affected area shows an expanding lesion.",Visarpa,train,medium,298,rapidly spreading inflammatory skin/soft-tissue disease; the chapter recommends cleansing approaches even when dosha involvement is small,controlled paraphrase from source-derived profile
T1_0294,"The symptom pattern includes a spreading inflammatory skin lesion is present, the affected area shows an expanding lesion, and the skin complaint progresses from one area to another.",Visarpa,train,medium,298,rapidly spreading inflammatory skin/soft-tissue disease; the chapter recommends cleansing approaches even when dosha involvement is small,controlled paraphrase from source-derived profile
T1_0295,"A typical presentation may include the condition involves rapidly spreading skin/soft-tissue inflammation, while the skin complaint progresses from one area to another and a spreading inflammatory skin lesion is present are also observed.",Visarpa,train,medium,298,rapidly spreading inflammatory skin/soft-tissue disease; the chapter recommends cleansing approaches even when dosha involvement is small,controlled paraphrase from source-derived profile
T1_0296,The case shows the skin lesion spreads rapidly; associated findings include a spreading inflammatory skin lesion is present and the condition involves rapidly spreading skin/soft-tissue inflammation.,Visarpa,validation,hard,298,rapidly spreading inflammatory skin/soft-tissue disease; the chapter recommends cleansing approaches even when dosha involvement is small,controlled paraphrase from source-derived profile
T1_0297,The patient has the affected area shows an expanding lesion and the condition involves rapidly spreading skin/soft-tissue inflammation; another notable feature is that the skin lesion spreads rapidly.,Visarpa,validation,hard,298,rapidly spreading inflammatory skin/soft-tissue disease; the chapter recommends cleansing approaches even when dosha involvement is small,controlled paraphrase from source-derived profile
T1_0298,"The clinical picture is mainly the skin complaint progresses from one area to another, with additional features of the skin lesion spreads rapidly and the affected area shows an expanding lesion.",Visarpa,test,hard,298,rapidly spreading inflammatory skin/soft-tissue disease; the chapter recommends cleansing approaches even when dosha involvement is small,controlled paraphrase from source-derived profile
T1_0299,"The reported symptoms are a spreading inflammatory skin lesion is present, the affected area shows an expanding lesion, and the skin complaint progresses from one area to another.",Visarpa,test,hard,298,rapidly spreading inflammatory skin/soft-tissue disease; the chapter recommends cleansing approaches even when dosha involvement is small,controlled paraphrase from source-derived profile
T1_0300,"The presentation is suggestive of a disorder with the condition involves rapidly spreading skin/soft-tissue inflammation, the skin complaint progresses from one area to another, and a spreading inflammatory skin lesion is present.",Visarpa,test,hard,298,rapidly spreading inflammatory skin/soft-tissue disease; the chapter recommends cleansing approaches even when dosha involvement is small,controlled paraphrase from source-derived profile
T1_0301,"A patient presents with fever occurs before the eruption, dryness occurs, and joint discomfort occurs.",Masurika,train,easy,308,"smallpox-like eruptive illness with fever, dryness, body ache, joint discomfort, loss of appetite, chills, headache and nasal symptoms as preceding features",controlled paraphrase from source-derived profile
T1_0302,"The main findings are body ache is present, along with joint discomfort occurs and chills or gooseflesh occur.",Masurika,train,easy,308,"smallpox-like eruptive illness with fever, dryness, body ache, joint discomfort, loss of appetite, chills, headache and nasal symptoms as preceding features",controlled paraphrase from source-derived profile
T1_0303,Clinical features include appetite is reduced; the patient also has chills or gooseflesh occur and nasal symptoms may occur.,Masurika,train,easy,308,"smallpox-like eruptive illness with fever, dryness, body ache, joint discomfort, loss of appetite, chills, headache and nasal symptoms as preceding features",controlled paraphrase from source-derived profile
T1_0304,"The presentation is characterized by headache is present, with nasal symptoms may occur and fever occurs before the eruption occurring together.",Masurika,train,easy,308,"smallpox-like eruptive illness with fever, dryness, body ache, joint discomfort, loss of appetite, chills, headache and nasal symptoms as preceding features",controlled paraphrase from source-derived profile
T1_0305,A case is described with an eruptive illness develops. Additional findings are fever occurs before the eruption and body ache is present.,Masurika,train,easy,308,"smallpox-like eruptive illness with fever, dryness, body ache, joint discomfort, loss of appetite, chills, headache and nasal symptoms as preceding features",controlled paraphrase from source-derived profile
T1_0306,"The patient reports dryness occurs and body ache is present, with appetite is reduced also present.",Masurika,train,medium,308,"smallpox-like eruptive illness with fever, dryness, body ache, joint discomfort, loss of appetite, chills, headache and nasal symptoms as preceding features",controlled paraphrase from source-derived profile
T1_0307,"The dominant complaint is joint discomfort occurs, accompanied by appetite is reduced and headache is present.",Masurika,train,medium,308,"smallpox-like eruptive illness with fever, dryness, body ache, joint discomfort, loss of appetite, chills, headache and nasal symptoms as preceding features",controlled paraphrase from source-derived profile
T1_0308,"On assessment, chills or gooseflesh occur is noted, together with headache is present and an eruptive illness develops.",Masurika,train,medium,308,"smallpox-like eruptive illness with fever, dryness, body ache, joint discomfort, loss of appetite, chills, headache and nasal symptoms as preceding features",controlled paraphrase from source-derived profile
T1_0309,"The symptom pattern includes nasal symptoms may occur, an eruptive illness develops, and dryness occurs.",Masurika,train,medium,308,"smallpox-like eruptive illness with fever, dryness, body ache, joint discomfort, loss of appetite, chills, headache and nasal symptoms as preceding features",controlled paraphrase from source-derived profile
T1_0310,"A typical presentation may include fever occurs before the eruption, while dryness occurs and joint discomfort occurs are also observed.",Masurika,train,medium,308,"smallpox-like eruptive illness with fever, dryness, body ache, joint discomfort, loss of appetite, chills, headache and nasal symptoms as preceding features",controlled paraphrase from source-derived profile
T1_0311,The case shows body ache is present; associated findings include joint discomfort occurs and chills or gooseflesh occur.,Masurika,validation,hard,308,"smallpox-like eruptive illness with fever, dryness, body ache, joint discomfort, loss of appetite, chills, headache and nasal symptoms as preceding features",controlled paraphrase from source-derived profile
T1_0312,The patient has appetite is reduced and chills or gooseflesh occur; another notable feature is that nasal symptoms may occur.,Masurika,validation,hard,308,"smallpox-like eruptive illness with fever, dryness, body ache, joint discomfort, loss of appetite, chills, headache and nasal symptoms as preceding features",controlled paraphrase from source-derived profile
T1_0313,"The clinical picture is mainly headache is present, with additional features of nasal symptoms may occur and fever occurs before the eruption.",Masurika,test,hard,308,"smallpox-like eruptive illness with fever, dryness, body ache, joint discomfort, loss of appetite, chills, headache and nasal symptoms as preceding features",controlled paraphrase from source-derived profile
T1_0314,"The reported symptoms are an eruptive illness develops, fever occurs before the eruption, and body ache is present.",Masurika,test,hard,308,"smallpox-like eruptive illness with fever, dryness, body ache, joint discomfort, loss of appetite, chills, headache and nasal symptoms as preceding features",controlled paraphrase from source-derived profile
T1_0315,"The presentation is suggestive of a disorder with dryness occurs, body ache is present, and appetite is reduced.",Masurika,test,hard,308,"smallpox-like eruptive illness with fever, dryness, body ache, joint discomfort, loss of appetite, chills, headache and nasal symptoms as preceding features",controlled paraphrase from source-derived profile
T1_0316,"A patient presents with skin lesions are present, itching is prominent, and Pama-like itchy lesions may occur.",Kushta,train,easy,317,skin disease with itching and skin lesions; the chapter includes generalized Kushta treatment and specifically mentions itching and Pama-type lesions,controlled paraphrase from source-derived profile
T1_0317,"The main findings are a chronic skin disorder is suspected, along with Pama-like itchy lesions may occur and the condition is classified as a chronic skin disorder.",Kushta,train,easy,317,skin disease with itching and skin lesions; the chapter includes generalized Kushta treatment and specifically mentions itching and Pama-type lesions,controlled paraphrase from source-derived profile
T1_0318,Clinical features include the skin complaint is persistent; the patient also has the condition is classified as a chronic skin disorder and itching is prominent.,Kushta,train,easy,317,skin disease with itching and skin lesions; the chapter includes generalized Kushta treatment and specifically mentions itching and Pama-type lesions,controlled paraphrase from source-derived profile
T1_0319,"The presentation is characterized by skin lesions are present, with itching is prominent and Pama-like itchy lesions may occur occurring together.",Kushta,train,easy,317,skin disease with itching and skin lesions; the chapter includes generalized Kushta treatment and specifically mentions itching and Pama-type lesions,controlled paraphrase from source-derived profile
T1_0320,A case is described with a chronic skin disorder is suspected. Additional findings are Pama-like itchy lesions may occur and the condition is classified as a chronic skin disorder.,Kushta,train,easy,317,skin disease with itching and skin lesions; the chapter includes generalized Kushta treatment and specifically mentions itching and Pama-type lesions,controlled paraphrase from source-derived profile
T1_0321,"The patient reports the skin complaint is persistent and the condition is classified as a chronic skin disorder, with itching is prominent also present.",Kushta,train,medium,317,skin disease with itching and skin lesions; the chapter includes generalized Kushta treatment and specifically mentions itching and Pama-type lesions,controlled paraphrase from source-derived profile
T1_0322,"The dominant complaint is skin lesions are present, accompanied by itching is prominent and Pama-like itchy lesions may occur.",Kushta,train,medium,317,skin disease with itching and skin lesions; the chapter includes generalized Kushta treatment and specifically mentions itching and Pama-type lesions,controlled paraphrase from source-derived profile
T1_0323,"On assessment, a chronic skin disorder is suspected is noted, together with Pama-like itchy lesions may occur and the condition is classified as a chronic skin disorder.",Kushta,train,medium,317,skin disease with itching and skin lesions; the chapter includes generalized Kushta treatment and specifically mentions itching and Pama-type lesions,controlled paraphrase from source-derived profile
T1_0324,"The symptom pattern includes the skin complaint is persistent, the condition is classified as a chronic skin disorder, and itching is prominent.",Kushta,train,medium,317,skin disease with itching and skin lesions; the chapter includes generalized Kushta treatment and specifically mentions itching and Pama-type lesions,controlled paraphrase from source-derived profile
T1_0325,"A typical presentation may include skin lesions are present, while itching is prominent and Pama-like itchy lesions may occur are also observed.",Kushta,train,medium,317,skin disease with itching and skin lesions; the chapter includes generalized Kushta treatment and specifically mentions itching and Pama-type lesions,controlled paraphrase from source-derived profile
T1_0326,The case shows a chronic skin disorder is suspected; associated findings include Pama-like itchy lesions may occur and the condition is classified as a chronic skin disorder.,Kushta,validation,hard,317,skin disease with itching and skin lesions; the chapter includes generalized Kushta treatment and specifically mentions itching and Pama-type lesions,controlled paraphrase from source-derived profile
T1_0327,The patient has the skin complaint is persistent and the condition is classified as a chronic skin disorder; another notable feature is that itching is prominent.,Kushta,validation,hard,317,skin disease with itching and skin lesions; the chapter includes generalized Kushta treatment and specifically mentions itching and Pama-type lesions,controlled paraphrase from source-derived profile
T1_0328,"The clinical picture is mainly skin lesions are present, with additional features of itching is prominent and Pama-like itchy lesions may occur.",Kushta,test,hard,317,skin disease with itching and skin lesions; the chapter includes generalized Kushta treatment and specifically mentions itching and Pama-type lesions,controlled paraphrase from source-derived profile
T1_0329,"The reported symptoms are a chronic skin disorder is suspected, Pama-like itchy lesions may occur, and the condition is classified as a chronic skin disorder.",Kushta,test,hard,317,skin disease with itching and skin lesions; the chapter includes generalized Kushta treatment and specifically mentions itching and Pama-type lesions,controlled paraphrase from source-derived profile
T1_0330,"The presentation is suggestive of a disorder with the skin complaint is persistent, the condition is classified as a chronic skin disorder, and itching is prominent.",Kushta,test,hard,317,skin disease with itching and skin lesions; the chapter includes generalized Kushta treatment and specifically mentions itching and Pama-type lesions,controlled paraphrase from source-derived profile
T1_0331,"A patient presents with white depigmented patches are present, skin discoloration is prominent, and itching may accompany the skin change.",Shwitra,train,easy,327,white depigmented skin patches/white discoloration; the chapter discusses widespread Shwitra and associated itching/skin manifestations,controlled paraphrase from source-derived profile
T1_0332,"The main findings are the white patches may involve multiple body areas, along with itching may accompany the skin change and white depigmented patches are present.",Shwitra,train,easy,327,white depigmented skin patches/white discoloration; the chapter discusses widespread Shwitra and associated itching/skin manifestations,controlled paraphrase from source-derived profile
T1_0333,Clinical features include the condition is centered on white skin patches; the patient also has white depigmented patches are present and the white patches may involve multiple body areas.,Shwitra,train,easy,327,white depigmented skin patches/white discoloration; the chapter discusses widespread Shwitra and associated itching/skin manifestations,controlled paraphrase from source-derived profile
T1_0334,"The presentation is characterized by skin discoloration is prominent, with the white patches may involve multiple body areas and the condition is centered on white skin patches occurring together.",Shwitra,train,easy,327,white depigmented skin patches/white discoloration; the chapter discusses widespread Shwitra and associated itching/skin manifestations,controlled paraphrase from source-derived profile
T1_0335,A case is described with itching may accompany the skin change. Additional findings are the condition is centered on white skin patches and skin discoloration is prominent.,Shwitra,train,easy,327,white depigmented skin patches/white discoloration; the chapter discusses widespread Shwitra and associated itching/skin manifestations,controlled paraphrase from source-derived profile
T1_0336,"The patient reports white depigmented patches are present and skin discoloration is prominent, with itching may accompany the skin change also present.",Shwitra,train,medium,327,white depigmented skin patches/white discoloration; the chapter discusses widespread Shwitra and associated itching/skin manifestations,controlled paraphrase from source-derived profile
T1_0337,"The dominant complaint is the white patches may involve multiple body areas, accompanied by itching may accompany the skin change and white depigmented patches are present.",Shwitra,train,medium,327,white depigmented skin patches/white discoloration; the chapter discusses widespread Shwitra and associated itching/skin manifestations,controlled paraphrase from source-derived profile
T1_0338,"On assessment, the condition is centered on white skin patches is noted, together with white depigmented patches are present and the white patches may involve multiple body areas.",Shwitra,train,medium,327,white depigmented skin patches/white discoloration; the chapter discusses widespread Shwitra and associated itching/skin manifestations,controlled paraphrase from source-derived profile
T1_0339,"The symptom pattern includes skin discoloration is prominent, the white patches may involve multiple body areas, and the condition is centered on white skin patches.",Shwitra,train,medium,327,white depigmented skin patches/white discoloration; the chapter discusses widespread Shwitra and associated itching/skin manifestations,controlled paraphrase from source-derived profile
T1_0340,"A typical presentation may include itching may accompany the skin change, while the condition is centered on white skin patches and skin discoloration is prominent are also observed.",Shwitra,train,medium,327,white depigmented skin patches/white discoloration; the chapter discusses widespread Shwitra and associated itching/skin manifestations,controlled paraphrase from source-derived profile
T1_0341,The case shows white depigmented patches are present; associated findings include skin discoloration is prominent and itching may accompany the skin change.,Shwitra,validation,hard,327,white depigmented skin patches/white discoloration; the chapter discusses widespread Shwitra and associated itching/skin manifestations,controlled paraphrase from source-derived profile
T1_0342,The patient has the white patches may involve multiple body areas and itching may accompany the skin change; another notable feature is that white depigmented patches are present.,Shwitra,validation,hard,327,white depigmented skin patches/white discoloration; the chapter discusses widespread Shwitra and associated itching/skin manifestations,controlled paraphrase from source-derived profile
T1_0343,"The clinical picture is mainly the condition is centered on white skin patches, with additional features of white depigmented patches are present and the white patches may involve multiple body areas.",Shwitra,test,hard,327,white depigmented skin patches/white discoloration; the chapter discusses widespread Shwitra and associated itching/skin manifestations,controlled paraphrase from source-derived profile
T1_0344,"The reported symptoms are skin discoloration is prominent, the white patches may involve multiple body areas, and the condition is centered on white skin patches.",Shwitra,test,hard,327,white depigmented skin patches/white discoloration; the chapter discusses widespread Shwitra and associated itching/skin manifestations,controlled paraphrase from source-derived profile
T1_0345,"The presentation is suggestive of a disorder with itching may accompany the skin change, the condition is centered on white skin patches, and skin discoloration is prominent.",Shwitra,test,hard,327,white depigmented skin patches/white discoloration; the chapter discusses widespread Shwitra and associated itching/skin manifestations,controlled paraphrase from source-derived profile
T1_0346,"A patient presents with stiffness is present, numbness may occur, and spasm or contraction may occur.",Vataroga,train,easy,331,"Vata-related disorders including wasting, spasms, contraction, stiffness, numbness, tremor, facial palsy, lameness, joint displacement and paralysis",controlled paraphrase from source-derived profile
T1_0347,"The main findings are tremor may occur, along with spasm or contraction may occur and facial palsy may occur.",Vataroga,train,easy,331,"Vata-related disorders including wasting, spasms, contraction, stiffness, numbness, tremor, facial palsy, lameness, joint displacement and paralysis",controlled paraphrase from source-derived profile
T1_0348,Clinical features include weakness or wasting may occur; the patient also has facial palsy may occur and paralysis may occur.,Vataroga,train,easy,331,"Vata-related disorders including wasting, spasms, contraction, stiffness, numbness, tremor, facial palsy, lameness, joint displacement and paralysis",controlled paraphrase from source-derived profile
T1_0349,"The presentation is characterized by lameness may occur, with paralysis may occur and stiffness is present occurring together.",Vataroga,train,easy,331,"Vata-related disorders including wasting, spasms, contraction, stiffness, numbness, tremor, facial palsy, lameness, joint displacement and paralysis",controlled paraphrase from source-derived profile
T1_0350,A case is described with joint displacement may occur. Additional findings are stiffness is present and tremor may occur.,Vataroga,train,easy,331,"Vata-related disorders including wasting, spasms, contraction, stiffness, numbness, tremor, facial palsy, lameness, joint displacement and paralysis",controlled paraphrase from source-derived profile
T1_0351,"The patient reports numbness may occur and tremor may occur, with weakness or wasting may occur also present.",Vataroga,train,medium,331,"Vata-related disorders including wasting, spasms, contraction, stiffness, numbness, tremor, facial palsy, lameness, joint displacement and paralysis",controlled paraphrase from source-derived profile
T1_0352,"The dominant complaint is spasm or contraction may occur, accompanied by weakness or wasting may occur and lameness may occur.",Vataroga,train,medium,331,"Vata-related disorders including wasting, spasms, contraction, stiffness, numbness, tremor, facial palsy, lameness, joint displacement and paralysis",controlled paraphrase from source-derived profile
T1_0353,"On assessment, facial palsy may occur is noted, together with lameness may occur and joint displacement may occur.",Vataroga,train,medium,331,"Vata-related disorders including wasting, spasms, contraction, stiffness, numbness, tremor, facial palsy, lameness, joint displacement and paralysis",controlled paraphrase from source-derived profile
T1_0354,"The symptom pattern includes paralysis may occur, joint displacement may occur, and numbness may occur.",Vataroga,train,medium,331,"Vata-related disorders including wasting, spasms, contraction, stiffness, numbness, tremor, facial palsy, lameness, joint displacement and paralysis",controlled paraphrase from source-derived profile
T1_0355,"A typical presentation may include stiffness is present, while numbness may occur and spasm or contraction may occur are also observed.",Vataroga,train,medium,331,"Vata-related disorders including wasting, spasms, contraction, stiffness, numbness, tremor, facial palsy, lameness, joint displacement and paralysis",controlled paraphrase from source-derived profile
T1_0356,The case shows tremor may occur; associated findings include spasm or contraction may occur and facial palsy may occur.,Vataroga,validation,hard,331,"Vata-related disorders including wasting, spasms, contraction, stiffness, numbness, tremor, facial palsy, lameness, joint displacement and paralysis",controlled paraphrase from source-derived profile
T1_0357,The patient has weakness or wasting may occur and facial palsy may occur; another notable feature is that paralysis may occur.,Vataroga,validation,hard,331,"Vata-related disorders including wasting, spasms, contraction, stiffness, numbness, tremor, facial palsy, lameness, joint displacement and paralysis",controlled paraphrase from source-derived profile
T1_0358,"The clinical picture is mainly lameness may occur, with additional features of paralysis may occur and stiffness is present.",Vataroga,test,hard,331,"Vata-related disorders including wasting, spasms, contraction, stiffness, numbness, tremor, facial palsy, lameness, joint displacement and paralysis",controlled paraphrase from source-derived profile
T1_0359,"The reported symptoms are joint displacement may occur, stiffness is present, and tremor may occur.",Vataroga,test,hard,331,"Vata-related disorders including wasting, spasms, contraction, stiffness, numbness, tremor, facial palsy, lameness, joint displacement and paralysis",controlled paraphrase from source-derived profile
T1_0360,"The presentation is suggestive of a disorder with numbness may occur, tremor may occur, and weakness or wasting may occur.",Vataroga,test,hard,331,"Vata-related disorders including wasting, spasms, contraction, stiffness, numbness, tremor, facial palsy, lameness, joint displacement and paralysis",controlled paraphrase from source-derived profile
T1_0361,"A patient presents with painful swelling is present, the legs may be painful, and the pelvic or back region may be painful.",Vatashonita,train,easy,356,"a Vata-blood disorder associated with painful swelling and pain involving the legs, thighs, pelvis, back, sides and jaw",controlled paraphrase from source-derived profile
T1_0362,"The main findings are the thighs may be painful, along with the pelvic or back region may be painful and the jaw may be affected.",Vatashonita,train,easy,356,"a Vata-blood disorder associated with painful swelling and pain involving the legs, thighs, pelvis, back, sides and jaw",controlled paraphrase from source-derived profile
T1_0363,Clinical features include the sides may be painful; the patient also has the jaw may be affected and painful swelling is present.,Vatashonita,train,easy,356,"a Vata-blood disorder associated with painful swelling and pain involving the legs, thighs, pelvis, back, sides and jaw",controlled paraphrase from source-derived profile
T1_0364,"The presentation is characterized by Vata and blood disturbance are emphasized, with painful swelling is present and the thighs may be painful occurring together.",Vatashonita,train,easy,356,"a Vata-blood disorder associated with painful swelling and pain involving the legs, thighs, pelvis, back, sides and jaw",controlled paraphrase from source-derived profile
T1_0365,A case is described with the legs may be painful. Additional findings are the thighs may be painful and the sides may be painful.,Vatashonita,train,easy,356,"a Vata-blood disorder associated with painful swelling and pain involving the legs, thighs, pelvis, back, sides and jaw",controlled paraphrase from source-derived profile
T1_0366,"The patient reports the pelvic or back region may be painful and the sides may be painful, with Vata and blood disturbance are emphasized also present.",Vatashonita,train,medium,356,"a Vata-blood disorder associated with painful swelling and pain involving the legs, thighs, pelvis, back, sides and jaw",controlled paraphrase from source-derived profile
T1_0367,"The dominant complaint is the jaw may be affected, accompanied by Vata and blood disturbance are emphasized and the legs may be painful.",Vatashonita,train,medium,356,"a Vata-blood disorder associated with painful swelling and pain involving the legs, thighs, pelvis, back, sides and jaw",controlled paraphrase from source-derived profile
T1_0368,"On assessment, painful swelling is present is noted, together with the legs may be painful and the pelvic or back region may be painful.",Vatashonita,train,medium,356,"a Vata-blood disorder associated with painful swelling and pain involving the legs, thighs, pelvis, back, sides and jaw",controlled paraphrase from source-derived profile
T1_0369,"The symptom pattern includes the thighs may be painful, the pelvic or back region may be painful, and the jaw may be affected.",Vatashonita,train,medium,356,"a Vata-blood disorder associated with painful swelling and pain involving the legs, thighs, pelvis, back, sides and jaw",controlled paraphrase from source-derived profile
T1_0370,"A typical presentation may include the sides may be painful, while the jaw may be affected and painful swelling is present are also observed.",Vatashonita,train,medium,356,"a Vata-blood disorder associated with painful swelling and pain involving the legs, thighs, pelvis, back, sides and jaw",controlled paraphrase from source-derived profile
T1_0371,The case shows Vata and blood disturbance are emphasized; associated findings include painful swelling is present and the thighs may be painful.,Vatashonita,validation,hard,356,"a Vata-blood disorder associated with painful swelling and pain involving the legs, thighs, pelvis, back, sides and jaw",controlled paraphrase from source-derived profile
T1_0372,The patient has the legs may be painful and the thighs may be painful; another notable feature is that the sides may be painful.,Vatashonita,validation,hard,356,"a Vata-blood disorder associated with painful swelling and pain involving the legs, thighs, pelvis, back, sides and jaw",controlled paraphrase from source-derived profile
T1_0373,"The clinical picture is mainly the pelvic or back region may be painful, with additional features of the sides may be painful and Vata and blood disturbance are emphasized.",Vatashonita,test,hard,356,"a Vata-blood disorder associated with painful swelling and pain involving the legs, thighs, pelvis, back, sides and jaw",controlled paraphrase from source-derived profile
T1_0374,"The reported symptoms are the jaw may be affected, Vata and blood disturbance are emphasized, and the legs may be painful.",Vatashonita,test,hard,356,"a Vata-blood disorder associated with painful swelling and pain involving the legs, thighs, pelvis, back, sides and jaw",controlled paraphrase from source-derived profile
T1_0375,"The presentation is suggestive of a disorder with painful swelling is present, the legs may be painful, and the pelvic or back region may be painful.",Vatashonita,test,hard,356,"a Vata-blood disorder associated with painful swelling and pain involving the legs, thighs, pelvis, back, sides and jaw",controlled paraphrase from source-derived profile
T1_0376,"A patient presents with chest wasting or a chest lesion is present, cough occurs, and nasal symptoms may accompany the complaint.",Urakshata,train,easy,364,"a chest disorder with chest wasting/lesion and associated cough, breathlessness, nasal symptoms and catarrh-like complaints; described as related to Rajayakshma",controlled paraphrase from source-derived profile
T1_0377,"The main findings are breathlessness occurs, along with nasal symptoms may accompany the complaint and the chest is the main affected region.",Urakshata,train,easy,364,"a chest disorder with chest wasting/lesion and associated cough, breathlessness, nasal symptoms and catarrh-like complaints; described as related to Rajayakshma",controlled paraphrase from source-derived profile
T1_0378,Clinical features include the presentation resembles a form of Rajayakshma; the patient also has the chest is the main affected region and cough occurs.,Urakshata,train,easy,364,"a chest disorder with chest wasting/lesion and associated cough, breathlessness, nasal symptoms and catarrh-like complaints; described as related to Rajayakshma",controlled paraphrase from source-derived profile
T1_0379,"The presentation is characterized by chest wasting or a chest lesion is present, with cough occurs and nasal symptoms may accompany the complaint occurring together.",Urakshata,train,easy,364,"a chest disorder with chest wasting/lesion and associated cough, breathlessness, nasal symptoms and catarrh-like complaints; described as related to Rajayakshma",controlled paraphrase from source-derived profile
T1_0380,A case is described with breathlessness occurs. Additional findings are nasal symptoms may accompany the complaint and the chest is the main affected region.,Urakshata,train,easy,364,"a chest disorder with chest wasting/lesion and associated cough, breathlessness, nasal symptoms and catarrh-like complaints; described as related to Rajayakshma",controlled paraphrase from source-derived profile
T1_0381,"The patient reports the presentation resembles a form of Rajayakshma and the chest is the main affected region, with cough occurs also present.",Urakshata,train,medium,364,"a chest disorder with chest wasting/lesion and associated cough, breathlessness, nasal symptoms and catarrh-like complaints; described as related to Rajayakshma",controlled paraphrase from source-derived profile
T1_0382,"The dominant complaint is chest wasting or a chest lesion is present, accompanied by cough occurs and nasal symptoms may accompany the complaint.",Urakshata,train,medium,364,"a chest disorder with chest wasting/lesion and associated cough, breathlessness, nasal symptoms and catarrh-like complaints; described as related to Rajayakshma",controlled paraphrase from source-derived profile
T1_0383,"On assessment, breathlessness occurs is noted, together with nasal symptoms may accompany the complaint and the chest is the main affected region.",Urakshata,train,medium,364,"a chest disorder with chest wasting/lesion and associated cough, breathlessness, nasal symptoms and catarrh-like complaints; described as related to Rajayakshma",controlled paraphrase from source-derived profile
T1_0384,"The symptom pattern includes the presentation resembles a form of Rajayakshma, the chest is the main affected region, and cough occurs.",Urakshata,train,medium,364,"a chest disorder with chest wasting/lesion and associated cough, breathlessness, nasal symptoms and catarrh-like complaints; described as related to Rajayakshma",controlled paraphrase from source-derived profile
T1_0385,"A typical presentation may include chest wasting or a chest lesion is present, while cough occurs and nasal symptoms may accompany the complaint are also observed.",Urakshata,train,medium,364,"a chest disorder with chest wasting/lesion and associated cough, breathlessness, nasal symptoms and catarrh-like complaints; described as related to Rajayakshma",controlled paraphrase from source-derived profile
T1_0386,The case shows breathlessness occurs; associated findings include nasal symptoms may accompany the complaint and the chest is the main affected region.,Urakshata,validation,hard,364,"a chest disorder with chest wasting/lesion and associated cough, breathlessness, nasal symptoms and catarrh-like complaints; described as related to Rajayakshma",controlled paraphrase from source-derived profile
T1_0387,The patient has the presentation resembles a form of Rajayakshma and the chest is the main affected region; another notable feature is that cough occurs.,Urakshata,validation,hard,364,"a chest disorder with chest wasting/lesion and associated cough, breathlessness, nasal symptoms and catarrh-like complaints; described as related to Rajayakshma",controlled paraphrase from source-derived profile
T1_0388,"The clinical picture is mainly chest wasting or a chest lesion is present, with additional features of cough occurs and nasal symptoms may accompany the complaint.",Urakshata,test,hard,364,"a chest disorder with chest wasting/lesion and associated cough, breathlessness, nasal symptoms and catarrh-like complaints; described as related to Rajayakshma",controlled paraphrase from source-derived profile
T1_0389,"The reported symptoms are breathlessness occurs, nasal symptoms may accompany the complaint, and the chest is the main affected region.",Urakshata,test,hard,364,"a chest disorder with chest wasting/lesion and associated cough, breathlessness, nasal symptoms and catarrh-like complaints; described as related to Rajayakshma",controlled paraphrase from source-derived profile
T1_0390,"The presentation is suggestive of a disorder with the presentation resembles a form of Rajayakshma, the chest is the main affected region, and cough occurs.",Urakshata,test,hard,364,"a chest disorder with chest wasting/lesion and associated cough, breathlessness, nasal symptoms and catarrh-like complaints; described as related to Rajayakshma",controlled paraphrase from source-derived profile
T1_0391,"A patient presents with marked mental or behavioral disturbance is present, the condition is classified as endogenous or exogenous, and Pitta-related features may predominate.",Unmada,train,easy,392,"a mental/behavioral disorder described as having endogenous and exogenous forms; the text classifies patterns according to Vata, Pitta and Kapha",controlled paraphrase from source-derived profile
T1_0392,"The main findings are Vata-related features may predominate, along with Pitta-related features may predominate and the main complaint concerns disturbed mental state.",Unmada,train,easy,392,"a mental/behavioral disorder described as having endogenous and exogenous forms; the text classifies patterns according to Vata, Pitta and Kapha",controlled paraphrase from source-derived profile
T1_0393,Clinical features include Kapha-related features may predominate; the patient also has the main complaint concerns disturbed mental state and the condition is classified as endogenous or exogenous.,Unmada,train,easy,392,"a mental/behavioral disorder described as having endogenous and exogenous forms; the text classifies patterns according to Vata, Pitta and Kapha",controlled paraphrase from source-derived profile
T1_0394,"The presentation is characterized by marked mental or behavioral disturbance is present, with the condition is classified as endogenous or exogenous and Pitta-related features may predominate occurring together.",Unmada,train,easy,392,"a mental/behavioral disorder described as having endogenous and exogenous forms; the text classifies patterns according to Vata, Pitta and Kapha",controlled paraphrase from source-derived profile
T1_0395,A case is described with Vata-related features may predominate. Additional findings are Pitta-related features may predominate and the main complaint concerns disturbed mental state.,Unmada,train,easy,392,"a mental/behavioral disorder described as having endogenous and exogenous forms; the text classifies patterns according to Vata, Pitta and Kapha",controlled paraphrase from source-derived profile
T1_0396,"The patient reports Kapha-related features may predominate and the main complaint concerns disturbed mental state, with the condition is classified as endogenous or exogenous also present.",Unmada,train,medium,392,"a mental/behavioral disorder described as having endogenous and exogenous forms; the text classifies patterns according to Vata, Pitta and Kapha",controlled paraphrase from source-derived profile
T1_0397,"The dominant complaint is marked mental or behavioral disturbance is present, accompanied by the condition is classified as endogenous or exogenous and Pitta-related features may predominate.",Unmada,train,medium,392,"a mental/behavioral disorder described as having endogenous and exogenous forms; the text classifies patterns according to Vata, Pitta and Kapha",controlled paraphrase from source-derived profile
T1_0398,"On assessment, Vata-related features may predominate is noted, together with Pitta-related features may predominate and the main complaint concerns disturbed mental state.",Unmada,train,medium,392,"a mental/behavioral disorder described as having endogenous and exogenous forms; the text classifies patterns according to Vata, Pitta and Kapha",controlled paraphrase from source-derived profile
T1_0399,"The symptom pattern includes Kapha-related features may predominate, the main complaint concerns disturbed mental state, and the condition is classified as endogenous or exogenous.",Unmada,train,medium,392,"a mental/behavioral disorder described as having endogenous and exogenous forms; the text classifies patterns according to Vata, Pitta and Kapha",controlled paraphrase from source-derived profile
T1_0400,"A typical presentation may include marked mental or behavioral disturbance is present, while the condition is classified as endogenous or exogenous and Pitta-related features may predominate are also observed.",Unmada,train,medium,392,"a mental/behavioral disorder described as having endogenous and exogenous forms; the text classifies patterns according to Vata, Pitta and Kapha",controlled paraphrase from source-derived profile
T1_0401,The case shows Vata-related features may predominate; associated findings include Pitta-related features may predominate and the main complaint concerns disturbed mental state.,Unmada,validation,hard,392,"a mental/behavioral disorder described as having endogenous and exogenous forms; the text classifies patterns according to Vata, Pitta and Kapha",controlled paraphrase from source-derived profile
T1_0402,The patient has Kapha-related features may predominate and the main complaint concerns disturbed mental state; another notable feature is that the condition is classified as endogenous or exogenous.,Unmada,validation,hard,392,"a mental/behavioral disorder described as having endogenous and exogenous forms; the text classifies patterns according to Vata, Pitta and Kapha",controlled paraphrase from source-derived profile
T1_0403,"The clinical picture is mainly marked mental or behavioral disturbance is present, with additional features of the condition is classified as endogenous or exogenous and Pitta-related features may predominate.",Unmada,test,hard,392,"a mental/behavioral disorder described as having endogenous and exogenous forms; the text classifies patterns according to Vata, Pitta and Kapha",controlled paraphrase from source-derived profile
T1_0404,"The reported symptoms are Vata-related features may predominate, Pitta-related features may predominate, and the main complaint concerns disturbed mental state.",Unmada,test,hard,392,"a mental/behavioral disorder described as having endogenous and exogenous forms; the text classifies patterns according to Vata, Pitta and Kapha",controlled paraphrase from source-derived profile
T1_0405,"The presentation is suggestive of a disorder with Kapha-related features may predominate, the main complaint concerns disturbed mental state, and the condition is classified as endogenous or exogenous.",Unmada,test,hard,392,"a mental/behavioral disorder described as having endogenous and exogenous forms; the text classifies patterns according to Vata, Pitta and Kapha",controlled paraphrase from source-derived profile
T1_0406,"A patient presents with eye pain may occur, vision may be disturbed, and night blindness may occur.",Netra Roga,train,easy,397,"eye disorders including eye pain, visual disturbance and conditions such as Timira and night blindness; the chapter covers multiple eye complaints",controlled paraphrase from source-derived profile
T1_0407,"The main findings are Timira-like visual difficulty may occur, along with night blindness may occur and the complaint is centered on the eyes.",Netra Roga,train,easy,397,"eye disorders including eye pain, visual disturbance and conditions such as Timira and night blindness; the chapter covers multiple eye complaints",controlled paraphrase from source-derived profile
T1_0408,Clinical features include ocular burning may occur; the patient also has the complaint is centered on the eyes and vision may be disturbed.,Netra Roga,train,easy,397,"eye disorders including eye pain, visual disturbance and conditions such as Timira and night blindness; the chapter covers multiple eye complaints",controlled paraphrase from source-derived profile
T1_0409,"The presentation is characterized by eye pain may occur, with vision may be disturbed and night blindness may occur occurring together.",Netra Roga,train,easy,397,"eye disorders including eye pain, visual disturbance and conditions such as Timira and night blindness; the chapter covers multiple eye complaints",controlled paraphrase from source-derived profile
T1_0410,A case is described with Timira-like visual difficulty may occur. Additional findings are night blindness may occur and the complaint is centered on the eyes.,Netra Roga,train,easy,397,"eye disorders including eye pain, visual disturbance and conditions such as Timira and night blindness; the chapter covers multiple eye complaints",controlled paraphrase from source-derived profile
T1_0411,"The patient reports ocular burning may occur and the complaint is centered on the eyes, with vision may be disturbed also present.",Netra Roga,train,medium,397,"eye disorders including eye pain, visual disturbance and conditions such as Timira and night blindness; the chapter covers multiple eye complaints",controlled paraphrase from source-derived profile
T1_0412,"The dominant complaint is eye pain may occur, accompanied by vision may be disturbed and night blindness may occur.",Netra Roga,train,medium,397,"eye disorders including eye pain, visual disturbance and conditions such as Timira and night blindness; the chapter covers multiple eye complaints",controlled paraphrase from source-derived profile
T1_0413,"On assessment, Timira-like visual difficulty may occur is noted, together with night blindness may occur and the complaint is centered on the eyes.",Netra Roga,train,medium,397,"eye disorders including eye pain, visual disturbance and conditions such as Timira and night blindness; the chapter covers multiple eye complaints",controlled paraphrase from source-derived profile
T1_0414,"The symptom pattern includes ocular burning may occur, the complaint is centered on the eyes, and vision may be disturbed.",Netra Roga,train,medium,397,"eye disorders including eye pain, visual disturbance and conditions such as Timira and night blindness; the chapter covers multiple eye complaints",controlled paraphrase from source-derived profile
T1_0415,"A typical presentation may include eye pain may occur, while vision may be disturbed and night blindness may occur are also observed.",Netra Roga,train,medium,397,"eye disorders including eye pain, visual disturbance and conditions such as Timira and night blindness; the chapter covers multiple eye complaints",controlled paraphrase from source-derived profile
T1_0416,The case shows Timira-like visual difficulty may occur; associated findings include night blindness may occur and the complaint is centered on the eyes.,Netra Roga,validation,hard,397,"eye disorders including eye pain, visual disturbance and conditions such as Timira and night blindness; the chapter covers multiple eye complaints",controlled paraphrase from source-derived profile
T1_0417,The patient has ocular burning may occur and the complaint is centered on the eyes; another notable feature is that vision may be disturbed.,Netra Roga,validation,hard,397,"eye disorders including eye pain, visual disturbance and conditions such as Timira and night blindness; the chapter covers multiple eye complaints",controlled paraphrase from source-derived profile
T1_0418,"The clinical picture is mainly eye pain may occur, with additional features of vision may be disturbed and night blindness may occur.",Netra Roga,test,hard,397,"eye disorders including eye pain, visual disturbance and conditions such as Timira and night blindness; the chapter covers multiple eye complaints",controlled paraphrase from source-derived profile
T1_0419,"The reported symptoms are Timira-like visual difficulty may occur, night blindness may occur, and the complaint is centered on the eyes.",Netra Roga,test,hard,397,"eye disorders including eye pain, visual disturbance and conditions such as Timira and night blindness; the chapter covers multiple eye complaints",controlled paraphrase from source-derived profile
T1_0420,"The presentation is suggestive of a disorder with ocular burning may occur, the complaint is centered on the eyes, and vision may be disturbed.",Netra Roga,test,hard,397,"eye disorders including eye pain, visual disturbance and conditions such as Timira and night blindness; the chapter covers multiple eye complaints",controlled paraphrase from source-derived profile
T1_0421,"A patient presents with ear pain is present, foul ear discharge may occur, and weakness or wasting of the ear structures is described.",Karna Roga,train,easy,409,"ear disorders including ear pain, foul ear discharge/infection and weakness or wasting of the ear structures",controlled paraphrase from source-derived profile
T1_0422,"The main findings are the ear may have an infectious or foul condition, along with weakness or wasting of the ear structures is described and ear pain is present.",Karna Roga,train,easy,409,"ear disorders including ear pain, foul ear discharge/infection and weakness or wasting of the ear structures",controlled paraphrase from source-derived profile
T1_0423,Clinical features include the complaint is localized to the ear; the patient also has ear pain is present and the ear may have an infectious or foul condition.,Karna Roga,train,easy,409,"ear disorders including ear pain, foul ear discharge/infection and weakness or wasting of the ear structures",controlled paraphrase from source-derived profile
T1_0424,"The presentation is characterized by foul ear discharge may occur, with the ear may have an infectious or foul condition and the complaint is localized to the ear occurring together.",Karna Roga,train,easy,409,"ear disorders including ear pain, foul ear discharge/infection and weakness or wasting of the ear structures",controlled paraphrase from source-derived profile
T1_0425,A case is described with weakness or wasting of the ear structures is described. Additional findings are the complaint is localized to the ear and foul ear discharge may occur.,Karna Roga,train,easy,409,"ear disorders including ear pain, foul ear discharge/infection and weakness or wasting of the ear structures",controlled paraphrase from source-derived profile
T1_0426,"The patient reports ear pain is present and foul ear discharge may occur, with weakness or wasting of the ear structures is described also present.",Karna Roga,train,medium,409,"ear disorders including ear pain, foul ear discharge/infection and weakness or wasting of the ear structures",controlled paraphrase from source-derived profile
T1_0427,"The dominant complaint is the ear may have an infectious or foul condition, accompanied by weakness or wasting of the ear structures is described and ear pain is present.",Karna Roga,train,medium,409,"ear disorders including ear pain, foul ear discharge/infection and weakness or wasting of the ear structures",controlled paraphrase from source-derived profile
T1_0428,"On assessment, the complaint is localized to the ear is noted, together with ear pain is present and the ear may have an infectious or foul condition.",Karna Roga,train,medium,409,"ear disorders including ear pain, foul ear discharge/infection and weakness or wasting of the ear structures",controlled paraphrase from source-derived profile
T1_0429,"The symptom pattern includes foul ear discharge may occur, the ear may have an infectious or foul condition, and the complaint is localized to the ear.",Karna Roga,train,medium,409,"ear disorders including ear pain, foul ear discharge/infection and weakness or wasting of the ear structures",controlled paraphrase from source-derived profile
T1_0430,"A typical presentation may include weakness or wasting of the ear structures is described, while the complaint is localized to the ear and foul ear discharge may occur are also observed.",Karna Roga,train,medium,409,"ear disorders including ear pain, foul ear discharge/infection and weakness or wasting of the ear structures",controlled paraphrase from source-derived profile
T1_0431,The case shows ear pain is present; associated findings include foul ear discharge may occur and weakness or wasting of the ear structures is described.,Karna Roga,validation,hard,409,"ear disorders including ear pain, foul ear discharge/infection and weakness or wasting of the ear structures",controlled paraphrase from source-derived profile
T1_0432,The patient has the ear may have an infectious or foul condition and weakness or wasting of the ear structures is described; another notable feature is that ear pain is present.,Karna Roga,validation,hard,409,"ear disorders including ear pain, foul ear discharge/infection and weakness or wasting of the ear structures",controlled paraphrase from source-derived profile
T1_0433,"The clinical picture is mainly the complaint is localized to the ear, with additional features of ear pain is present and the ear may have an infectious or foul condition.",Karna Roga,test,hard,409,"ear disorders including ear pain, foul ear discharge/infection and weakness or wasting of the ear structures",controlled paraphrase from source-derived profile
T1_0434,"The reported symptoms are foul ear discharge may occur, the ear may have an infectious or foul condition, and the complaint is localized to the ear.",Karna Roga,test,hard,409,"ear disorders including ear pain, foul ear discharge/infection and weakness or wasting of the ear structures",controlled paraphrase from source-derived profile
T1_0435,"The presentation is suggestive of a disorder with weakness or wasting of the ear structures is described, the complaint is localized to the ear, and foul ear discharge may occur.",Karna Roga,test,hard,409,"ear disorders including ear pain, foul ear discharge/infection and weakness or wasting of the ear structures",controlled paraphrase from source-derived profile
T1_0436,"A patient presents with nasal obstruction is present, nasal discharge occurs, and foul nasal discharge may occur.",Pratishyaya,train,easy,413,"nasal disorder with nasal obstruction/discharge, Pinas-like symptoms and foul nasal discharge; the chapter includes different nasal presentations",controlled paraphrase from source-derived profile
T1_0437,"The main findings are Pinas-like symptoms occur, along with foul nasal discharge may occur and nasal symptoms are prominent.",Pratishyaya,train,easy,413,"nasal disorder with nasal obstruction/discharge, Pinas-like symptoms and foul nasal discharge; the chapter includes different nasal presentations",controlled paraphrase from source-derived profile
T1_0438,Clinical features include the complaint is centered on the nose; the patient also has nasal symptoms are prominent and nasal discharge occurs.,Pratishyaya,train,easy,413,"nasal disorder with nasal obstruction/discharge, Pinas-like symptoms and foul nasal discharge; the chapter includes different nasal presentations",controlled paraphrase from source-derived profile
T1_0439,"The presentation is characterized by nasal obstruction is present, with nasal discharge occurs and foul nasal discharge may occur occurring together.",Pratishyaya,train,easy,413,"nasal disorder with nasal obstruction/discharge, Pinas-like symptoms and foul nasal discharge; the chapter includes different nasal presentations",controlled paraphrase from source-derived profile
T1_0440,A case is described with Pinas-like symptoms occur. Additional findings are foul nasal discharge may occur and nasal symptoms are prominent.,Pratishyaya,train,easy,413,"nasal disorder with nasal obstruction/discharge, Pinas-like symptoms and foul nasal discharge; the chapter includes different nasal presentations",controlled paraphrase from source-derived profile
T1_0441,"The patient reports the complaint is centered on the nose and nasal symptoms are prominent, with nasal discharge occurs also present.",Pratishyaya,train,medium,413,"nasal disorder with nasal obstruction/discharge, Pinas-like symptoms and foul nasal discharge; the chapter includes different nasal presentations",controlled paraphrase from source-derived profile
T1_0442,"The dominant complaint is nasal obstruction is present, accompanied by nasal discharge occurs and foul nasal discharge may occur.",Pratishyaya,train,medium,413,"nasal disorder with nasal obstruction/discharge, Pinas-like symptoms and foul nasal discharge; the chapter includes different nasal presentations",controlled paraphrase from source-derived profile
T1_0443,"On assessment, Pinas-like symptoms occur is noted, together with foul nasal discharge may occur and nasal symptoms are prominent.",Pratishyaya,train,medium,413,"nasal disorder with nasal obstruction/discharge, Pinas-like symptoms and foul nasal discharge; the chapter includes different nasal presentations",controlled paraphrase from source-derived profile
T1_0444,"The symptom pattern includes the complaint is centered on the nose, nasal symptoms are prominent, and nasal discharge occurs.",Pratishyaya,train,medium,413,"nasal disorder with nasal obstruction/discharge, Pinas-like symptoms and foul nasal discharge; the chapter includes different nasal presentations",controlled paraphrase from source-derived profile
T1_0445,"A typical presentation may include nasal obstruction is present, while nasal discharge occurs and foul nasal discharge may occur are also observed.",Pratishyaya,train,medium,413,"nasal disorder with nasal obstruction/discharge, Pinas-like symptoms and foul nasal discharge; the chapter includes different nasal presentations",controlled paraphrase from source-derived profile
T1_0446,The case shows Pinas-like symptoms occur; associated findings include foul nasal discharge may occur and nasal symptoms are prominent.,Pratishyaya,validation,hard,413,"nasal disorder with nasal obstruction/discharge, Pinas-like symptoms and foul nasal discharge; the chapter includes different nasal presentations",controlled paraphrase from source-derived profile
T1_0447,The patient has the complaint is centered on the nose and nasal symptoms are prominent; another notable feature is that nasal discharge occurs.,Pratishyaya,validation,hard,413,"nasal disorder with nasal obstruction/discharge, Pinas-like symptoms and foul nasal discharge; the chapter includes different nasal presentations",controlled paraphrase from source-derived profile
T1_0448,"The clinical picture is mainly nasal obstruction is present, with additional features of nasal discharge occurs and foul nasal discharge may occur.",Pratishyaya,test,hard,413,"nasal disorder with nasal obstruction/discharge, Pinas-like symptoms and foul nasal discharge; the chapter includes different nasal presentations",controlled paraphrase from source-derived profile
T1_0449,"The reported symptoms are Pinas-like symptoms occur, foul nasal discharge may occur, and nasal symptoms are prominent.",Pratishyaya,test,hard,413,"nasal disorder with nasal obstruction/discharge, Pinas-like symptoms and foul nasal discharge; the chapter includes different nasal presentations",controlled paraphrase from source-derived profile
T1_0450,"The presentation is suggestive of a disorder with the complaint is centered on the nose, nasal symptoms are prominent, and nasal discharge occurs.",Pratishyaya,test,hard,413,"nasal disorder with nasal obstruction/discharge, Pinas-like symptoms and foul nasal discharge; the chapter includes different nasal presentations",controlled paraphrase from source-derived profile
